title,url,text,label
尹力在学习贯彻习近平新时代中国特色社会主义思想主题教育专题党课上强调 推动习近平新时代中国特色社会主义思想在京华大地落地生根形成生动实践 车俊殷勇李秀领魏小东刘伟李小三参加,http://whlyj.beijing.gov.cn/zwgk/xwzx/szfdt//202305/t20230509_3090538.html,当前，全市学习贯彻习近平新时代中国特色社会主义思想主题教育正深入开展。5月8日上午，市委书记尹力围绕“为什么学”“学什么”“怎么学”“怎么干”等四个方面，在市委党校为党员干部讲了一堂主题教育专题党课。他强调，要牢牢把握“学思想、强党性、重实践、建新功”的总要求，集中精力抓好理论学习、调查研究、推动发展、检视整改，推动习近平新时代中国特色社会主义思想在京华大地落地生根，形成生动实践，以奋发有为的精神状态和真抓实干的实际行动，努力创造经得起历史和人民检验的实绩。学习贯彻习近平新时代中国特色社会主义思想主题教育中央第一指导组组长车俊，市委副书记、市长殷勇，市人大常委会主任李秀领，市政协主席魏小东，市委副书记刘伟，中央第一指导组副组长李小三参加。从治国理政新理念新思想新战略，到“十个明确”“十四个坚持”“十三个方面成就”，再到构建人类命运共同体等一系列中国主张，尹力引导大家深入思考“为什么学”。他指出，习近平新时代中国特色社会主义思想实现了马克思主义中国化时代化新的飞跃，我们要在“为什么学”上提高政治站位，持续增强学习的思想自觉和行动自觉。习近平新时代中国特色社会主义思想深刻回答了一系列重大时代课题，实现了对中国特色社会主义建设规律认识的新跃升；坚持以“两个结合”推进理论创新，标注了马克思主义发展的新高度；指引新时代实践取得历史性成就，展现出强大的真理力量和实践伟力；为全世界提供了更多中国智慧和中国方案，引领我国日益走近世界舞台中央。有这一思想的科学指引，我们就有了理论灯塔、思想旗帜、行动指南，就能够始终坚持正确方向，不断把党和人民事业发展推向新高度。“风雨不动安如山”般的理想信念、“江山就是人民、人民就是江山”的为民情怀……尹力向大家详细阐述了“学什么”。他指出，习近平新时代中国特色社会主义思想是博大精深、内涵丰富的科学理论体系，我们要在“学什么”上做到全面系统，真正掌握精髓要义。要细学深思坚定不移的理想信念。习近平新时代中国特色社会主义思想之所以感召人、凝聚人，首先就在于其贯穿着浓烈的信仰追求，我们要深刻把握，坚定理想信念，永葆共产党人政治本色。要细学深思真挚深厚的为民情怀。坚持以人民为中心，是习近平新时代中国特色社会主义思想的根本政治立场，我们要自觉向习近平总书记看齐，始终把人民放在心中最高位置，牢牢站稳人民立场，以实际行动换来群众更好的生活。要细学深思守正创新的理论品格。习近平新时代中国特色社会主义思想读起来“解渴”，用起来“好使”，行起来“有效”，秘诀就在于始终坚持实事求是、守正创新。必须深刻领悟贯穿其中的理论创新品格，坚持用马克思主义之“矢”去射新时代中国之“的”，不断以新的理论指导新的实践。要细学深思鲜活管用的科学方法。习近平新时代中国特色社会主义思想是坚持和运用马克思主义世界观和方法论的典范，我们要努力做到娴熟运用，不断以科学思想方法指导做好各方面工作。要细学深思刀刃向内的自我革命精神。如何跳出治乱兴衰的历史周期率，实现长期执政，是我们党始终在思考和实践的重大问题。延安时期，毛泽东同志给出了第一个答案，这就是“让人民来监督政府”。70多年后，习近平总书记又给出了自我革命这第二个答案。我们要保持解决大党独有难题的清醒和坚定，坚持不懈深化自我革命，把自身锻造得更加坚强有力。全面系统学，及时跟进学，深入思考学，联系实际学，尹力向大家系统讲解了“怎么学”。他指出，习近平新时代中国特色社会主义思想是取之不尽、用之不竭的思想宝库，我们要在“怎么学”上掌握科学方法，推动学习不断走深走实。要久久为功往深里走。发扬“挤”和“钻”的精神，坚持原原本本学，读原著、学原文、悟原理；及时跟进学，真正做到常学常新；融会贯通学，在总结溯源、对照比较中，实现全面透彻的理解把握。要下足功夫往心里走。从理论和实践的辩证关系中，把握这一思想的科学性和先进性；从科学社会主义在当代中国焕发的强大生机活力中，感受这一思想的强大真理力量。作为北京的党员干部，更要带着感情学，从北京这些年的巨大发展变化中，不断增进对习近平新时代中国特色社会主义思想的政治认同、思想认同、理论认同、情感认同，真正做到内化于心、外化于行。要持续用力往实里走。发扬理论联系实际的优良学风，坚持目标导向，及时把思想上的所思所悟、所得所获落实到具体的实践当中；坚持问题导向，真正把学习成果转化为发现问题、分析问题、解决问题的方法和举措。要着力抓好调查研究。把学习和调研更加紧密结合起来，聚焦影响和制约首都发展的突出问题、群众反映强烈的急难愁盼问题，把情况摸清楚、把问题想透彻，有针对性拿出破解之策，不断提高运用党的创新理论研究新情况、解决新问题的能力和水平。加强“四个中心”功能建设、提高“四个服务”水平、深化改革开放、用好接诉即办主抓手……尹力结合北京工作实际启发大家“怎么干”。他指出，习近平新时代中国特色社会主义思想为做好各方面工作提供了根本遵循，我们要在“怎么干”上坚持知行合一，把学习成效转化为实实在在的工作业绩。要坚持以高度的政治责任感真抓实干。牢记“看北京首先要从政治上看”的要求，凡事都要从政治上考量、在大局下行事。全市各级党员干部都要旗帜鲜明讲政治，深刻领悟“两个确立”的决定性意义，带头增强“四个意识”、坚定“四个自信”、做到“两个维护”。牢记首都工作关乎“国之大者”，以新时代首都发展为统领，大力加强“四个中心”功能建设、提高“四个服务”水平，更好服务党和国家工作大局。以“时时放心不下”的责任感，统筹发展和安全，着力防范化解各方面风险，坚决为党中央站好岗、放好哨。当前要深刻汲取“4·18”火灾事故教训，压紧压实安全生产责任制，全面深入开展好安全生产和火灾隐患大排查大整治，全力维护首都政治安全和社会大局稳定。尹力指出，要坚持以首善的工作标准真抓实干。从大的目标来讲，北京要力争率先基本实现社会主义现代化；从工作机制来讲，关键是持续完善学习贯彻习近平新时代中国特色社会主义思想的常态化制度机制，健全习近平总书记对北京重要讲话和指示批示督办落实机制，确保不折不扣贯彻落实；从工作态度上来讲，要把追求卓越、争创一流融入到新时代首都发展各领域和全过程，坚持一张蓝图干到底，把北京这座城市建设、发展、管理得更好。要坚持以改革创新、求真务实的工作作风真抓实干。围绕全市中心工作和重点任务，鼓励大胆探索、勇于实践，多形成可复制可推广的经验。认真落实全面深化改革各项任务，最大限度激发发展动力与活力。用好北京科技和人才等优势，扎实推动经济高质量发展，不断提高发展的质量和效益。要坚持以人民为中心的理念真抓实干。聚焦“七有”“五性”，持续用好、抓好接诉即办这个为民服务主抓手，把惠民生、暖民心、顺民意的工作做到群众心坎上。认真落实党员领导干部直接联系群众制度，推进精治共治法治，团结带领群众共同创造美好生活。要坚持以良好的政治生态真抓实干。通过主题教育，进一步从政治、思想、能力、作风、纪律等方面开展党性分析，从根子上找原因和差距，努力补齐自身短板。坚持以严的基调强化正风肃纪，持之以恒纠治“四风”、树立新风，一体推进“三不腐”，为推动新时代首都发展提供坚强保证。市委、市人大常委会、市政府、市政协领导，中央第一指导组成员，市有关部门负责同志，第一批主题教育单位主要负责同志，市委第一批巡回指导组组长，各区主要负责同志，市委党校在校学员代表参加。（祁梦竹 范俊生）,1
共青团北京市第十五次代表大会开幕 尹力讲话 贺军科殷勇魏小东刘伟出席,http://whlyj.beijing.gov.cn/zwgk/xwzx/szfdt//202305/t20230506_3088245.html,共青团北京市第十五次代表大会5月5日上午开幕。市委书记尹力讲话。团中央书记处第一书记贺军科，市委副书记、市长殷勇，市政协主席魏小东，市委副书记刘伟出席开幕会。尹力充分肯定市第十四次团代会以来，全市各级团组织团结引领广大青年为首都高质量发展作出的贡献。他指出，党的十八大以来，习近平总书记高度重视青年和青年工作，多次出席青年活动、给青年回信、看望慰问各界青年，在党的十九大、党的二十大、庆祝建党一百周年大会等重要场合都对青年作出深情勉励。习近平总书记的谆谆教诲、殷殷嘱托，为我们做好新时代青年工作提供了根本遵循。要牢记习近平总书记教导，听从党中央号召，奋力推动首都共青团事业再上新台阶。尹力勉励首都广大团员青年，深入学习贯彻习近平总书记关于青年工作的重要思想，更加自觉地把青春梦想和聪明才智，融入到党和人民的伟大奋斗中来，融入到新时代首都发展的生动实践中来。一要做理想远大、信念坚定的青年。坚定对马克思主义的信仰、对中国特色社会主义的信念、对实现中华民族伟大复兴中国梦的信心，自觉用习近平新时代中国特色社会主义思想武装头脑，深刻领悟“两个确立”的决定性意义，增强“四个意识”、坚定“四个自信”、做到“两个维护”，不断提高政治判断力、政治领悟力、政治执行力，努力成长为党和国家的栋梁之才。二要做刻苦学习、锐意创新的青年。树立“持续学习、终身学习”的理念，不断提高与时代进步相适应的能力。拓展学习的深度和广度，向书本学习，向实践学习，向科技前沿学习，既刻苦钻研理论又积极掌握技能，努力成为业务骨干、青年先锋。三要做实干担当、砥砺奋斗的青年。发扬甘于吃苦、踏实肯干的精神，敢想敢为又善作善成，在奋斗中摸爬滚打、积累经验，在奋斗中找到人生真谛、生命价值、事业方向，依靠奋斗开辟人生和事业前程。积极投身“四个中心”功能建设、提高“四个服务”水平、全面深化改革扩大开放、构建现代化经济体系、提升超大城市治理水平等生动实践，在首都北京的大舞台上留下奋斗足迹。四要做敢于斗争、善于斗争的青年。增强斗争意识，坚定斗争意志，多到首都改革发展稳定第一线、到条件艰苦的基层去历练，多在急难险重任务中扛重活、打硬仗，不断把首都发展各项事业推向前进。五要做崇德向善、遵纪守法的青年。继承和发扬党领导人民在各个历史时期奋斗中形成的精神谱系，自觉践行社会主义核心价值观，讲规矩、守纪律，努力做一个一心为公、一身正气、一尘不染的人。认真接受政治训练、加强政治锻造、追求政治进步，积极向党组织靠拢，努力成长为一名合格的共产党员。尹力强调，要坚持党的全面领导，为做好新时代首都青年工作提供根本保证。全市各级团组织要旗帜鲜明讲政治，坚定不移走中国特色社会主义群团发展道路，结合主题教育，示范引领广大团员青年做习近平新时代中国特色社会主义思想的坚定信仰者和忠实实践者。聚焦全市中心工作，创新动员青年的载体和方式，支持团员青年在新时代首都发展的广阔天地建功立业。紧扣服务青年的工作生命线，为青年办好事、办实事。围绕增强“政治性、先进性、群众性”，推动共青团改革向纵深发展。全市广大团干部要铸牢对党忠诚的政治品格，努力展现忠诚坚定、清澈纯粹、担当作为、务实创新的良好风貌。全市各级党组织要把青年工作作为战略性工作来抓，落实好党管青年原则，支持共青团按照群团工作特点和规律创造性地开展工作。贺军科代表团中央向大会召开表示热烈祝贺。他指出，党的二十大擘画了强国建设、民族复兴的宏伟蓝图，共青团也已紧跟党迈上新的百年青春征程。新征程上，北京共青团要继续深入学习贯彻习近平新时代中国特色社会主义思想，按照党的二十大确定的目标任务，落实市委部署，组织动员首都团员青年与全市人民群众一起团结奋斗。要聚焦为党育人，自觉担当“政治学校”使命，引领团员青年坚定拥护“两个确立”、坚决做到“两个维护”；心怀国之大者，积极发挥“先锋力量”作用，自觉在新时代首都建设发展中担当作为；热心服务青年，切实履行“桥梁纽带”职责，让青年真切感受到党的关爱关怀；坚持自我革命，始终锚定“先进组织”目标，不断焕发共青团组织清澈纯粹、朝气蓬勃的时代风貌。开幕会上，少先队员代表向大会献词，人民团体代表向大会致贺词。郑晓博代表共青团北京市第十四届委员会作工作报告。市领导孙梅君、陈健、莫高义、杨晋柏、靳伟、孙军民、赵磊、于军，市政协秘书长韩昱出席。（祁梦竹 范俊生）,1
尹力到市轨道交通指挥中心调研时强调 构建立体化现代化城市交通系统 更好满足城市发展和群众出行需求,http://whlyj.beijing.gov.cn/zwgk/xwzx/szfdt//202305/t20230505_3086949.html,5月4日下午，市委书记尹力到市轨道交通指挥中心调查研究，并检查安全生产和火灾隐患大排查大整治工作。他强调，轨道交通是重要民生工程，也是城市现代化的重要体现。要结合主题教育，深入学习领会习近平总书记关于轨道交通的重要指示精神，坚持以人民为中心的发展思想，以城市总规为抓手，全力推进轨道交通规划建设，狠抓轨道交通领域安全管理，构建综合、绿色、安全、智能的立体化现代化城市交通系统，更好满足城市发展和群众出行需求。市轨道交通指挥中心承担着全市轨道交通线网运营协调及应急处置、运营信息汇总和统计分析等工作。尹力在调度大厅了解轨道交通路网规划建设和运营管理情况，详细询问大排查大整治工作进展。他指出，要加强科技支撑，提升运营、管理、服务智能化水平，为乘客营造安全、舒适的乘车环境，让出行更顺畅、群众更顺心。尹力在座谈时强调，城市轨道交通是现代大城市交通的发展方向，要进一步提升认识，把握好三个关键词，推动轨道交通从高速增长转向高质量发展，助力北京现代化建设。一是“安全”，树牢安全发展理念，强化安全生产责任，建立严密的安全风险防控机制，坚决守住安全底线。二是“便民”，不断提升服务水平，更好满足群众生产生活需要。三是“畅通”，在规建管综合施策上加强创新，进一步发挥轨道交通在缓解交通拥堵方面的作用。尹力强调，要突出规划引领作用，抓好轨道交通线网规划和第三期建设规划实施。坚持轨道引领城市发展，推动功能、人口、产业沿轨道布局，促进职住平衡。新建项目和既有线路更新改造并重，双管齐下提高整体运行效率。推进城市轨道与市郊铁路、城际铁路、干线铁路、公交线路等多网融合，形成和谐有序的综合交通体系。结合客流需求，统筹安排建设时序，成熟一条、启动一条。要提高建设效率和质量，打造具有首都特色的时代精品工程。加强资金统筹平衡，完善市区分担机制。加强轨道交通沿线土地综合利用，规范推进场站与周边一体化开发。加快打造轨道微中心，形成区域的交通中心、活力中心。探索“轨道+物业”等新模式，吸引社会资本参与建设运营。尹力强调，要全面提升运营服务水平，积极打造“轨道上的都市生活”。硬件上，加强既有线路与新建线路统筹衔接，减少换乘时间，构建快速通勤网。加大设施设备检修改造力度，具备条件的线路提速改造。软件上，优化网络资源调度，精准投放运力，提高服务精细化水平。完善站点功能，增设多样化便民服务设施。优化两端接驳条件，就近布局公交站点、共享单车停放点等，服务好群众出行“最后一公里”。尹力强调，安全是轨道交通的生命线。要深刻汲取“4·18”火灾事故教训，结合全市安全生产和火灾隐患大排查大整治，层层压实项目建设安全生产主体责任，强化风险管控和隐患排查，坚决防止重特大安全事故发生。提高日常运营安全管理水平，做好动态安全评估，发现风险隐患快速处置。加强客流监测分析，多措并举应对大客流挑战，防止拥挤踩踏事故发生。加强应急调度指挥体系建设，提高突发事件处置能力。市领导赵磊、高朋参加。（刘菲菲 武红利）,1
“五一”假期首日，尹力殷勇走进火车站、商圈检查安全生产和城市运行保障等工作，并慰问坚守岗位的劳动者！,http://whlyj.beijing.gov.cn/zwgk/xwzx/szfdt//202304/t20230430_3084996.html,4月29日是“五一”假期首日，市委书记尹力一早通过视频系统调度安全生产和城市运行保障等工作，随后来到北京站、前门大栅栏商圈，现场检查安全生产和火灾隐患大排查大整治工作并慰问坚守岗位的一线干部职工。他强调，今年“五一”假期，旅游出行消费将迎来新高峰，人员流动性、聚集性显著增强，城市安全和服务保障工作面临重大考验。各区各部门各单位要守土负责、守土尽责，坚持干部在岗、群众过节，以“时时放心不下”的责任感，从严从实从细抓好节日期间各项工作，确保城市平稳有序运行和交通顺畅，让市民群众过一个安全、欢乐、祥和的假期。市委副书记、市长殷勇，市委副书记刘伟分别参加调度检查。察看北京站客流情况节日里的北京站一派繁忙，进出旅客川流不息。尹力走进安全生产调度指挥中心，了解火车站运行和客流应对等情况，实地检查车站安全生产和火灾隐患大排查大整治工作。尹力向坚守岗位的铁路干部职工道辛苦，指出，纪念“五一”最好的行动就是尊重劳动，发扬劳动精神。要耐心细致为旅客提供周到服务，动态关注客流趋势，科学高效保障运力，做好重点场站和周边交通接驳组织，加强出行信息发布和客流引导，让旅客出行平安顺畅。了解前门大街秩序维护情况检查餐饮食品安全前门大栅栏商圈京味文化氛围浓厚，全聚德、张一元、都一处等老字号汇聚，吸引众多游客前来休闲购物。尹力融入客流，走进胡同、老字号商铺、文创商店、餐饮店等，“四不两直”检查秩序维护、执勤值守、商户经营、食品安全、隐患排查整治等情况。他指出，“五一”假期是加速消费回暖的黄金期，要精心组织各类促消费活动，提高商圈品质。加强巡查值守，做好大人流管控和提示，谨防出现拥挤踩踏。强化安全隐患排查，完善应急预案，营造舒适安全的休闲购物环境，让游客乘兴而来满意而归。叮嘱做好安全隐患排查和大人流疏导尹力在调度和检查时强调，越是节假日越要绷紧安全这根弦。要切实抓好公共安全风险防范，按照大排查大整治工作部署，每日开展全面检查，以钉钉子精神“过筛子”“堵漏洞”，坚决消除各类风险隐患，防止重特大安全事故发生。人员聚集场所、娱乐场所严格落实消防措施，合理预约限流，加强秩序维护和应急疏导，严防火灾、踩踏等事故发生。景区加强游乐设施安全管理。林区做好火源管控和隐患排查。加强施工安全监管，严查违规作业等行为。加大交通执法检查力度，确保群众出行安全。持续抓好疫情监测预警。尹力强调，要精心做好节日市场供应，全力保障城市平稳运行。加强市场监测和组织调度，保障节日期间生活必需品供应充足、价格稳定。严把食品安全关，让群众吃得放心。扩大优质文旅产品供给，丰富市民节日文化生活。严格市场执法检查，严肃查处各类违法违规行为。提高假日公共服务水平，提升市民游客体验感满意度。加强市政设施检查维护，确保城市“生命线”安全平稳。用好12345市民服务热线，对群众诉求及时响应办理。各区各部门各单位要始终保持箭在弦上的工作状态，严格执行24小时值班和领导干部带班制度，遇有情况第一时间报告处置。市领导莫高义、夏林茂、孙军民、赵磊、亓延军、高朋，市政府秘书长穆鹏分别参加。,1
“五一”假期北京预计接待游客885万人次 各大热门公园景区基本约满,http://whlyj.beijing.gov.cn/zwgk/xwzx/szfdt//202304/t20230429_3084785.html,4月28日上午，北京市政府新闻办召开“五一”假期旅游安全服务保障新闻发布会，故宫、恭王府假日5天门票均已约满，八达岭长城4月29日门票已预约96%，4月30日、5月1日、2日门票已约满，颐和园、天坛、景山公园4月29日至5月2日，北京动物园4月30日至5月1日门票均已约满，请市民和游客提前预约，合理安排行程。4月29日迎来“五一”小长假。北京市文化和旅游局根据在线旅游平台预订预测数据，“五一”假期，全市预计接待游客885万人次，同比增长1.9倍，较2019年同期增长3%。其中，外地来京游客约385万人次，同比增长14倍，较2019年同期增长10%；市民在京游约500万人次，同比增长78%；重点景区接待总量将超过2019年总体水平，预计4月30日和5月1日是游客接待高峰，每天将超过300万人；全市酒店营业5142家，假日已预订本市酒店74.5万间夜，较2019年同期增长51%；乡村民宿经营客房1.4万间，假日预订率50%以上。市属公园中的历史文化名园一向是假日期间游客打卡必选地。北京市公园管理中心负责人介绍，预测“五一”小长假期间市属公园游客接待量将达到290多万人次，比2019年同期增长20%以上。市公园管理中心提醒，未预约到公园门票请勿盲目前往，以免耽误假日安排和行程。已预约的游客，请按照预约日期和时段，持必要证件前往公园参观游览。持年（季）、月票和政策性免费人员建议尽量避开9时至16时的游览高峰，错峰游览。假日期间，各大公园将实行“黄、橙、红”三级预警，即最大瞬时承载量达到70%时，启动黄色预警，所有应急人员、物资到岗到位，做好大客流应对准备；最大瞬时承载量达到80%时，启动橙色预警，实施流量调控，放缓入园，加快疏导出园；最大瞬时承载量达到90%时，启动红色预警，原则上，公园只出不进。市文化和旅游局要求，各景区对于可预见的“大客流”，要采取护栏隔离、预置力量分区隔离、卡口阻入等措施，将客流总量和密度保持在安全可控状态。对于瞬时“大客流”，要采取“一园一策、一场一策”，强化现场疏导管控，景区和场地入口要应开尽开，动态采取分段放行、快速放行等有效措施。近期，北京市交通运输综合执法总队已针对故宫、鸟巢、八达岭、环球度假区等35个重点旅游景区和周边区域，开展了多轮专项整治。总队提醒市民游客，假日期间乘坐车辆游览时不要轻信虚假宣传、诱导消费的话术圈套，如遇自身合法权益受到侵害的情形，请及时拨打12328进行投诉反映。4月上旬以来，北京市文化市场综合执法总队牵头公安、交通、市场监管及各区开启了为期40天的“清浊”专项整治行动。节日期间，总队将针对前期梳理的全市18处重点景区及购物、演艺场所及“一日游”重点线路，采取源头与末端联动打击、线上与线下同步治理等多种方式，严打“不合理低价游”、诱导强迫购物等突出违法行为。北京市市场监管综合执法总队也已开启了为期半年的旅游市场价格专项执法行动。（李洋）,1
市委常委会召开会议 听取全市社会建设工作情况汇报 研究“五一”安全防范和假日相关工作等事项 市委书记尹力主持会议,http://whlyj.beijing.gov.cn/zwgk/xwzx/szfdt//202304/t20230427_3081173.html,4月26日下午，市委常委会召开会议，听取全市社会建设工作情况汇报，研究“五一”安全防范和假日相关工作等事项。市委书记尹力主持会议。会议听取了2022年全市社会建设工作总结、“七有”“五性”监测评价情况及2023年全市社会建设工作要点有关情况汇报，指出，要深入贯彻习近平总书记关于社会主义社会建设的重要论述，坚持以人民为中心，着力推进社会治理现代化，不断开创首都社会建设新局面。加强党对社会领域的全面领导。扎实开展主题教育，抓实抓细城乡基层党建，深化“两新”组织党建，分级分类推进党建引领行业治理，切实把党的政治优势、组织优势转化为社会治理优势。着力保障和改善民生。坚持尽力而为、量力而行，着力补齐民生短板。坚持需求导向、问题导向，不断提高社会服务水平。持续提升社会治理能力。用好接诉即办主抓手，深化主动治理、未诉先办。始终把保平安放在重要位置，全面开展安全生产和火灾隐患大排查大整治，积极防范和化解各类风险隐患。扎实推进共建共治共享。用好社区议事厅、居民议事会等平台，有事大家商量着办。壮大群防群治力量，常态化开展志愿服务活动。积极引导多元主体参与社会服务、社会治理。会议指出，要时刻绷紧安全生产这根弦，统筹做好“五一”安全防范和假日相关工作，深刻汲取长峰医院火灾教训，坚决防范遏制重特大安全事故发生，让市民群众度过一个安全健康、欢乐祥和的假期。提升城市安全运行保障能力，维护好水电气热运等城市生命线，加强交通组织，抓好机场、车站、公园景区、商圈等重点地区的秩序维护和大人流管控，保证社会秩序平稳有序。安排好假期群众生活。保证粮油肉蛋菜奶等重要农副产品市场供应充足、价格稳定，维护好市场秩序。组织好形式多样、群众喜闻乐见的文化和演出活动，紧抓消费黄金期，丰富产品供给，进一步深挖消费潜力。持续强化疫情监测预警。抓好假期接诉即办工作，及时解决群众急难愁盼问题。加强应急值守，严格执行24小时值班和领导带班制度，细化完善各类应急预案，遇有突发情况快速处置。坚持廉洁过节，严格执行中央八项规定精神，加强监督检查和通报曝光，坚决杜绝“节日腐败”，确保风清气正。会议研究了《市政府2023年立法工作计划》，指出，要突出抓好重点领域、新兴领域立法，立足首都城市战略定位，紧密结合高质量发展、保障改善民生等需求，加快相关立法项目进程。坚持科学立法、民主立法、依法立法，多开展“小切口”立法，加强立法协商，组织群众有序参与立法工作，积极回应群众关切。加强组织领导，人大、政府、政协密切协作，市司法局加强协调指导，各相关部门落实好责任分工，统筹推进各立法项目。围绕重大问题深入调查研究，让立法的过程成为凝聚共识、推动工作的过程。会议听取了团市委工作情况汇报，指出，要以换届为契机，扛好职责使命，提振干事创业精气神，推动各项工作走在全国前列。坚持和加强党的领导，牢记政治机关属性，强化政治功能，高质量开展主题教育，深刻领悟“两个确立”的决定性意义，不断增强“四个意识”、坚定“四个自信”、做到“两个维护”。主动服务和融入全市工作大局，团结带领全市青年在科技创新、城市治理、重大活动服务保障等工作中拼搏奉献、担当作为。聚焦主责主业，坚定不移为党育人，持续强化思想政治引领，提升联系服务的精准性、实效性，重点抓好新兴青年工作。落实全面从严治党要求，狠抓自身建设。会议还研究了其他事项。,1
市推进全国文化中心建设领导小组会议召开 尹力主持 殷勇出席,http://whlyj.beijing.gov.cn/zwgk/xwzx/szfdt//202304/t20230426_3079487.html,4月25日下午，市推进全国文化中心建设领导小组会议召开。市委书记、市推进全国文化中心建设领导小组组长尹力主持会议，市委副书记、市长、领导小组第一副组长殷勇出席。会议指出，党的二十大作出推进文化自信自强、铸就社会主义文化新辉煌的战略部署。北京作为全国文化中心，要更加自觉担负起职责使命，更加充分发挥示范引领作用，深入做好首都文化这篇大文章，为加快建设社会主义文化强国作出更大贡献。会议强调，要以开展主题教育为主线，坚持不懈用习近平新时代中国特色社会主义思想凝心铸魂，筑牢首都干部群众坚持和捍卫“两个确立”、坚决做到“两个维护”的思想根基。继续深入学习宣传贯彻党的二十大精神，推动往深里走、往实里走、往心里走。深化红色资源保护管理运用。大力做好正面宣传，做大做强主流思想舆论。弘扬社会主义核心价值观，提升市民文明素质和城市文明程度。规范旅游市场秩序，提升旅游服务品质。会议强调，要以中轴线申遗保护带动老城整体保护。加快完成太庙、先农坛、永定门等遗产点保护修缮及整治维修，确保中轴线申遗保护三年行动计划圆满收官。坚持老城保护和有机更新相衔接、内涵挖掘和活化利用相统一，实施好核心区控规新一轮三年行动计划，推动老城焕发新活力。会议强调，要统筹推进三条文化带保护发展。大运河文化带要狠抓重点项目，持续推动大运河源头遗址公园、路县故城考古遗址公园等工程，抓紧申创大运河国家5A级旅游景区，推动三大文化设施尽早开放运营，高水平运营好环球主题公园。长城文化带要把保护放在首位，持续加强长城本体保护，科学合理开发长城文旅资源，推进建设八达岭长城世界遗产核心展示区，实现“京畿长城”国家风景道全线基本贯通。西山永定河文化带要着眼长远发展，完成“三山五园”国家文物保护利用示范区创建，争创周口店遗址博物馆国家5A级旅游景区，推进琉璃河国家考古遗址公园建设。会议强调，要繁荣发展文化事业和文化产业。加强公共文化服务硬件建设，打造更多高品质公共文化空间，加快“书香京城”“博物馆之城”建设。丰富高质量文化产品供给，实施文化精品工程，推出更多增强人民精神力量的优秀作品，做大做强“大戏看北京”系列品牌，着力打造“演艺之都”。激发文化产业活力，积极拓展文化消费新场景，大力培育文化产业新业态、新模式。深入推进“文化+”，加快传统文化业态数字化升级，促进大数据、人工智能、元宇宙等在文化领域转化运用和项目落地。要加强国际传播能力建设。深入挖掘北京文化资源，发挥“双奥之城”优势，推出更多国际传播精品。用好主场外交平台积极展示推介中华优秀传统文化，以友城交往为载体推进文化走出去。高标准做好北京文化论坛组织筹办工作。会议听取了关于全国文化中心建设2022年工作总结和2023年工作安排的汇报，研究了其他事项。市领导莫高义、夏林茂、赵磊、于英杰、谈绪祥，市政府秘书长穆鹏参加。,1
尹力调研中轴线申遗保护工作时强调 让北京这座千年古都焕发出更加蓬勃的时代活力,http://whlyj.beijing.gov.cn/zwgk/xwzx/szfdt//202304/t20230425_3066953.html,4月24日下午，市委书记尹力围绕“深入学习贯彻习近平新时代中国特色社会主义思想，推进中轴线申遗保护工作”到东城区、西城区调查研究，并检查文物建筑消防安全工作。他强调，北京中轴线是中国传统都城中轴线发展至成熟阶段的杰出范例，代表了中华文明在城市规划建设上的伟大创造与杰出才能，集中展现了大国首都形象和中华文化魅力。要坚持首善标准，落实城市总规，压实各方责任，以钉钉子精神推进中轴线申遗保护工作，既注重保留历史传统风貌，又着力融入新的时代特征，坚持老城保护和有机更新相衔接、内涵挖掘和活化利用相统一，努力让北京这座千年古都焕发出更加蓬勃的时代活力。中轴线最北端的钟鼓楼气势雄伟、巍峨壮观，是全国现存钟鼓楼中保存最为完好、建筑体量最大、报时器具最具规模的一组古代建筑。尹力走进鼓楼观看《时间的故事》展览，登楼远眺察看周边环境综合整治情况。他指出，要尊重历史、敬畏历史，做好文物保护修缮，结合历史文化街区保护更新，加强环境综合整治，持续优化改善周边建筑第五立面，营造通达有序的中轴线景观视廊。永定门地处中轴线最南端，历史上曾是南部出入京城的通衢要道。城楼下，青灰色的石板铺成御道，两侧国槐树整齐排列。尹力来到永定门公园察看2号探沟考古挖掘、御道遗址展示和永定门城楼修缮情况。他指出，要加大城楼及周边文物保护修缮力度，持续推进中轴线南段风貌整治，做好绿化和品质提升，加强对环境景观的一体化营造。做好中轴线文化价值、历史价值的阐释和展示利用，让公众充分感受其多元文化魅力。五八二电台位于天坛公园西北角。尹力察看用地现状，要求积极协调相关单位，深入细致推动搬迁腾退工作，恢复周边地区历史风貌。尹力在调研时强调，中轴线是北京老城的灵魂和脊梁，保护、传承、利用好这份宝贵的历史文化遗产，是我们的重大政治责任。要本着对历史、对国家、对人民高度负责的态度，抓好重点任务实施，深入扎实做好中轴线申遗保护工作。加强文物本体保护和周边环境整治，完成万宁桥、太庙、先农坛、永定门等中轴线遗产点保护修缮及整治维修工程，推进正阳桥遗址、中轴线南段御道遗址保护展示工程，完成中轴线沿线街面和第五立面整治，更好展现北京独有的壮美空间秩序。要用好专家及智库作用，深入挖掘、研究、阐释中轴线丰厚的文化价值，讲好中轴线故事，加强遗产保护的价值传播与社会参与，调动全民助力中轴线文化遗产保护传承，不断提升活化利用水平。坚持以人民为中心的发展思想，创新体制机制，在中轴线申遗保护中推进老城保护和城市更新，进一步改善民生，让市民群众共享发展成果。尹力要求，当前要切实抓好文物建筑消防安全工作。文物建筑多采用木质结构，易燃可燃物多，做好消防安全工作至关重要。要压实安全责任，完善应急预案，配备足够的消防装备、灭火器材和应急处置人员。开展好防火巡查检查，全面排查安全隐患并做好问题整改，加强用火用电安全管理和人员培训演练。引导游客遵守消防安全规定，共同守护文物安全。市领导莫高义、赵磊、谈绪祥参加。,1
本市召开全市领导干部会议 尹力强调 深刻反思汲取教训 时刻保持警钟长鸣 全面开展全市安全生产隐患大排查大整治 殷勇刘伟出席,http://whlyj.beijing.gov.cn/zwgk/xwzx/szfdt//202304/t20230420_3061362.html,4月19日上午，本市召开全市领导干部会议，通报丰台区“4·18”火灾事故情况及近期全市安全生产形势，动员部署全面开展安全生产整治工作。市委书记尹力强调，此次火灾事故给人民群众生命财产安全造成巨大损失，令人痛心，教训深刻。要坚决贯彻落实党中央要求，细致稳妥做好火灾善后工作，深刻反思、汲取教训，时刻保持警钟长鸣，全面开展全市安全生产隐患大排查大整治，切实把安全生产责任落到实处，以严谨态度、过硬作风、扎实工作，坚决维护首都安全稳定，保护好千家万户的平安。市委副书记、市长殷勇，市委副书记刘伟出席会议。尹力强调，全市各级党员干部要以这次火灾事故为警钟，深刻反思安全发展理念树得牢不牢的问题，解决好安全发展上的思想盲区，把安全发展、生命至上、安全第一的理念牢固树立起来；深刻反思安全生产这根弦绷得紧不紧的问题，坚决克服侥幸心理和麻痹思想，始终以如履薄冰的心态做好安全生产工作；深刻反思安全隐患防治作风实不实的问题，深刻检视检查在安全监管、执法检查等方面存在的问题，以对生命敬畏之心、对人民负责之心，把安全生产时刻放在心上、牢牢抓在手上；深刻反思安全生产工作基础强不强的问题，从平时抓起，从基础入手，加强机制建设，查找短板弱项，全面加以整改，夯实安全生产基础，提升应对突发事件的能力。尹力强调，要细致稳妥做好火灾善后工作。做好医疗救治，调集精锐医疗力量，科学制定救治方案，对重症、危重症患者坚持一人一策一专班，千方百计救治伤员。细致稳妥做好遇难者善后和家属安抚慰问。尽快查明事故原因，进一步挖深挖透，本着对死者负责、对社会负责的态度，全面调查事故涉及的各个环节，科学准确认定事故原因。及时回应社会关切，依据事实做好信息发布。尹力强调，要全面开展全市安全生产隐患大排查大整治，坚决遏制重特大安全事故发生。这起火灾事故警醒我们，做好安全生产监管必须动真格、出重拳。全市上下要把安全隐患大排查大清理大整治作为重要任务，开展地毯式排查，以钉钉子精神“过筛子”“堵漏洞”，不打折扣、不留死角、不走过场，切实做到隐患排查不到位不放过、安全责任不落实不放过、整改不到位不放过。要以医院、养老机构等为重点，深入开展六类高风险领域场所专项整治，突出抓好燃气、施工现场、电动自行车等薄弱环节隐患排查。属地拉出问题清单，责任单位制定整改方案，消防部门加强指导。要从严落实各项安全生产监管措施。在责任落实、隐患排查、问题整改等方面发力，全面提高安全生产监管工作水平。健全责任机制，完善监管清单，做到有岗有人有手段。全面落实源头治理、风险防控、预警预报等综合防治措施，坚持关口前移，筑牢安全生产防线。加强事前事中事后全流程监管，定期开展隐患风险评估。强化问效问责，严格安全生产检验和督促问责机制。要平稳有序做好工作统筹，专项排查整治要深入基层一线、直面问题矛盾，也要防止一刀切、简单化，严格依法依规开展。要全面提升应急保障能力。持续深化应急救援体制机制建设，健全分级响应机制，积极推动市区街乡镇应急值守三级贯通，加强公安、消防、急救等应急力量协同。进一步推进应急救援队伍能力建设，有效发挥社会应急救援力量。加强应急救援科普宣传，提高全社会防灾救灾意识。尹力要求，加强组织领导，把安全生产责任制不折不扣落实到位。结合主题教育，对思想、工作和作风进行一次全面检视，严格落实“党政同责、一岗双责、齐抓共管、失职追责”要求，做到守土有责、守土负责、守土尽责。把安全生产纳入党委议事日程和政府重点工作，结合主题教育，加强调查研究，各级领导干部亲力亲为、靠前指挥协调，层层拧紧责任链条。各区党委政府所有领导都要行动起来，深入基层一线，及时了解情况，加强调度，推动工作。严格落实属地责任、部门监管责任。各区党政一把手亲自抓，行业主管部门和安全监管部门落实监管责任。一级抓一级，层层传导压力，层层压实责任。各街道、乡镇抓好落实，指导各社区、村做好工作，筑牢基层这道防线。抓好安全生产执法检查，督促广大生产经营单位依法全面履行安全生产法定责任和义务。加强统筹协调，市安委会发挥好牵头作用，专项行动工作专班加强组织督导检查，各区及时解决推进工作中出现的问题。严肃追责问责，对部门监管责任和属地管理责任落实不到位、安全生产监察流于形式等问题，坚决严查严处，对企业主体责任不落实、隐患问题整改不到位等问题要零容忍。尹力强调，“五一”将至，夏季很快来临，人员流动大、重要活动多。各区各部门各单位要坚持底线思维，强化风险意识，认真落实各项安全措施，做好节前安全生产检查，及时管控风险、消除隐患。严格落实24小时值班和领导带班等制度，遇有突发情况，第一时间报告，及时进行处置，坚决防止重特大安全事故发生。市委、市人大常委会、市政府、市政协领导，市“两院”领导，市人大常委会、市政府、市政协秘书长，市有关部门、有关单位主要负责同志，市管企业主要负责同志，市属高校主要负责同志，各区主要负责同志等参加会议。（祁梦竹 范俊生）,1
平谷桃花节办了30余年 从带货大桃到带火文旅——桃谷花事,http://whlyj.beijing.gov.cn/zwgk/xwzx/szfdt//202304/t20230419_3059279.html,上周，平谷国际桃花节开幕，短短几天，就迎来了15万人次市民游客。桃花节年年办，为平谷打响了品牌，聚起了人气儿。年年岁岁花相似，平谷的文旅却悄然改变：过去，游客来了只能看看花、拍拍照，当地也只能赚些零食饮料钱；如今，大家虽奔桃花而来，却能享受到“吃住游购”全产业链服务。风景线延长：洒扫花径清爽迎客平谷是大桃之乡。清明过后，桃花怒放山谷，千朵万朵粉红似海。“春天地里活儿多，疏花、施肥、浇地都不能省。”大华山镇小峪子村桃农闫广鹏最近忙得紧。尽管如此，他还在桃花节前跟街坊们一起设路标、拉围栏、拆窝棚。“累归累，心里那是真高兴。这么多人来村里看花，我们得打扫得清清爽爽的。”桃花节是京郊知名的文旅品牌。可若是追根溯源，它的最初目的却是为大桃带货。平谷桃个大味甜，各乡镇遍种桃林。鼎盛时期，全区有22万亩桃园，号称世界最大，年产鲜桃2亿公斤。为了打开销路，1992年，平谷首届桃花节热热闹闹办了起来。“很多人看完花，顺手记下果农的电话，秋天再来买桃。”闫广鹏说，当年秋天，桃子的销售就大有起色。直到如今，在他朋友圈下单买桃的人中，少说有三分之一是来看过花的。桃花年年开了又谢。近年来，随着交通更加便利，旅游需求爆发，来平谷看桃花的人更多了。平谷人忽然发现：盛开的花不但能结出果子，更是独一无二的文旅资源。赞美的人多，吐槽的也有，主要是周边的村容山景过于朴素，跟娇艳的桃花不相称。游客想在桃林里拍张好照片，得躲着脚下的垃圾，也得避着身后生锈的机井房和小窝棚。上月初，平谷区启动了为期一个月的环境整治，光是现场会就有5000多人参加。村庄的大喇叭一遍遍播放着大扫除的号召，公路边种上了紫色二月兰，荒芜的边角地开辟成配色大胆的莫奈花园。不到一个月，平谷整治了7万个脏乱点位，乡间焕然一新。时间延长：在桃林间喝咖啡露营“每年春天都有城里的朋友问我：今年桃花节有什么好玩的？”平谷区文旅局副局长路大勇说，过去很多年，这一直是个不太容易回答的问题。可玩性不强是乡村游面临的普遍问题。就拿平谷来说，从中心城区出发少说得赶60公里路，若要去深山还得再跑30公里。如此旅途劳顿，却只能在路边看看花，买几罐桃罐头。2023年，平谷在文旅服务和活动上下了大功夫，桃花仍是主角儿，游客却拥有了休闲玩乐的诸多选择。路大勇说，桃林间有了咖啡厅、露营地，一站式综合服务区“桃源逸栈”也开放了，里面有沉浸式古风主题街区，游客能穿汉服拍照，也能看数字光影秀、品尝当地特产。“赶路俩小时，看花半小时”的尴尬，被乡村之间香气缭绕的咖啡馆终结了。很多游客看完花，顺路去喝杯咖啡歇歇脚，感受慢生活。“40迈露营咖啡”位于镇罗营的苍山翠谷间，老板是“95后”杨天宏。大学毕业后他在城里工作，曾在五道口开奶茶店，一次驾车返乡，发现一路挤满了赏花客。杨天宏敏锐地发现了商机，经数月准备，咖啡馆在2022年开张。店外搭起天幕，室内绿植丛生，榴莲拿铁和椰皇美式是爆款。周末，这里每天能迎来300多位客人，直至深秋都顾客盈门。平谷区的乡村咖啡馆“卷”了起来，总共涌现出三四十家。平谷区还专门制定了《乡村咖啡店食品经营指引》，从选址布局、加工工艺、咖啡品质、环境卫生等方面引导店面提升，向城市中高端咖啡店看齐。产业链延长：将建旅游综合体和民宿群时隔七年，李梦再来平谷看桃花，体验全然不同了。“上次本想在平谷住一宿，但拿出手机一搜，周边的高端酒店很少，都满房了，要住宿只能去农家院。”李梦对那次出游印象很深。一家人意兴阑珊，看完花就离开了，继续开车奔京北山沟的民宿群。她道出了很多市民的感受。平谷的旅游景点集中在东部，西北部的大华山、刘家店等产桃重镇缺少配套设施。游客纷至沓来，从前却只能吃普通农家饭，睡百元大炕，很难起到拉动经济的作用。近年来，平谷区搭建平台，吸引资源、人才和资金。一家又一家知名文旅企业在平谷落地项目，带动全域文旅资源升级。目前，全区已有两家五星级酒店和240多家民宿，不乏金塔仙谷、桃花坞等知名品牌。2023年赏花季，李梦选择住在大华山的桃花海边，五间民宿客房装修清雅，透明天花板打开后，夜里看得到璀璨星空。主理人于春花就是本村人，忙里偷闲，会跟客人们聊聊村子的历史、大桃的故事。村里还新开了一家大型亲子乐园，有沙滩浅水、桌游棋牌、越野穿越等不同项目，让人来过一次还想再来。在整个平谷区，文旅资源也被升级盘活了。目前，全区已建成不同强度的户外健身精品步道20余条，精品骑行运动休闲线路9条，8个高品质乡村休闲综合体和精品民宿集群正紧锣密鼓建设。不久前，区里还推出了“吃在平谷”品牌，向游客推荐特色美食。2024年，平谷将再添一座集社交、休闲、美食、购物于一体的新消费综合体，成为京城东北部最大的商业服务中心。（朱松梅）,1
市“两区”工作领导小组召开会议 尹力主持 殷勇刘伟出席,http://whlyj.beijing.gov.cn/zwgk/xwzx/szfdt//202304/t20230418_3058189.html,4月17日上午，北京市建设国家服务业扩大开放综合示范区和中国（北京）自由贸易试验区工作领导小组召开会议。市委书记、市“两区”工作领导小组组长尹力主持会议，市委副书记、市长、领导小组第一副组长殷勇，市委副书记、领导小组副组长刘伟出席。会议指出，“两区”建设是中央支持北京开放发展的重大政策，是“五子”联动服务和融入新发展格局的关键一“子”，也是推动高质量发展的重要抓手。要认真落实党的二十大对高水平对外开放的部署要求，深入贯彻习近平总书记重要指示精神，进一步统一思想、开阔思路，以开放促改革，以改革优环境，不断创新体制机制，推动“两区”建设取得更大成效，更好服务国家开放发展大局。会议强调，制度型开放是实现更高水平对外开放的核心所在，要更大力度推动高水平制度型开放，以项目化推进制度创新，做到有的放矢、有抓手可抓。深化科技、数字经济、金融、生物医药、消费等重点领域全产业链开放，加快关键要素环节改革，积极创建国家服务贸易创新发展示范区和数字贸易示范区。进一步解放思想，主动对接国际高水平经贸规则开展政策先行先试，积极参与国际标准制定。注重需求导向，充分考虑首都高质量发展的长远需求和企业急迫需要，推动更多高含金量政策在北京率先试点，政策实施效果由企业反馈、市场评价。坚持系统观念，强化产业上下游创新协同。加强事中事后监管，统筹发展和安全。会议强调，要进一步打造市场化、法治化、国际化的营商环境，更大力度吸引和利用外资。实施自贸区提升行动，抓好三片区、七组团以及临空经济区、综合保税区等重点园区建设，加大走出去招商引资力度，再落地一批重大标志性外资项目，提升贸易投资合作质量和水平。有针对性做好对企服务，为外商投资提供便利，增强外资在京发展信心。会议强调，要更大力度加强工作统筹。“两区”办加强协调和服务督办，各协调工作组、各部门密切协同配合，加强沟通对接，推进先行先试政策在京落地。各区各组团各园区突出抓项目落地，形成更多可视化成果。各级领导干部增强国际视野，提升抓开放促发展的专业化水平。会议听取了“两区”建设2022年工作总结和2023年工作要点、以项目化推动“两区”政策制度创新任务、2022年度“两区”工作推进评估情况的汇报。市领导孙梅君、莫高义、夏林茂、靳伟、赵磊、于英杰、刘宇辉，市政府秘书长穆鹏参加。（刘菲菲 高枝）,1
尹力到市发展改革委、市财政局、市税务局、市统计局调研时强调 把主题教育学习成果转化为推动首都高质量发展实效,http://whlyj.beijing.gov.cn/zwgk/xwzx/szfdt//202304/t20230418_3058184.html,连日来，市委书记尹力先后到市发展改革委、市财政局、市税务局、市统计局调查研究。他强调，要深入开展学习贯彻习近平新时代中国特色社会主义思想主题教育，充分发挥综合经济部门职能作用，以强化理论学习指导发展实践，以深化调查研究推动解决发展难题，切实把学习成果转化为推动首都高质量发展实效，进一步把“四个中心”“四个服务”中蕴含的巨大发展能量充分释放出来，在新征程上展现新气象新作为。在市发展改革委，尹力结合大屏幕察看北京市经济运行监测调度平台，了解我市经济高频监测指标和核心支撑指标监测情况。尹力在座谈时强调，市发展改革委统筹职能强、工作责任大，在推动全市改革和发展中发挥了重要作用。要准确把握历史演进趋势和国内外发展形势，结合首都实际，进一步明确在新征程上的发展定位，提高工作的前瞻性预见性。充分发挥牵头抓总作用，善于谋全局、抓发展、促改革，解放思想、敢于创新，围绕贯彻新发展理念、“五子”联动服务和融入新发展格局，系统谋划推进各方面重点任务，加强各类政策协调配合，用改革思维推进工作、破解难题，不断提高推动高质量发展的本领。用好监测调度平台，加强经济运行整体走势和重点领域发展态势分析研判，提高信息的准确性和科学性，及时提出针对性调度措施。加强党的全面领导，打造一流模范机关。压紧压实全面从严治党主体责任，高质量开展主题教育，大兴调查研究。力戒形式主义、官僚主义，坚决守住不敢腐不能腐不想腐底线，营造风清气正政治生态。在市财政局，尹力察看北京市财源大数据系统，了解整体财源概况，肯定本市一季度财政收入实现良好开局，为完成全年任务打下坚实基础。尹力在座谈时强调，财政是国家治理的基础和重要支柱，事关经济社会发展全局。市财政局要不折不扣落实中央关于财政工作的决策部署，结合首都特点，积极作为、担当尽责，为高质量发展提供坚实的财力保障。实施积极财政政策，落实中央税费支持措施，确保红利惠及更多经营主体，发挥财政资金“四两拨千斤”作用，加大对科技创新、重点产业、重大项目等的支持力度。抓好财源建设，加强重点企业对接走访，支持有潜力的中小企业做大做强，吸引更多优质企业来京落户。牢固树立过“紧日子”的思想，加强成本控制和预算绩效管理。坚持以人民为中心的发展思想，尽力而为、量力而行，继续加大民生投入力度，不断提升基础设施和公共服务水平。强化运行监测，加强财政监督，切实防范风险。不断加强党对财政工作的领导，高质量开展主题教育，加强领导班子和干部队伍建设，打造一支高素质专业化的财政力量。在市税务局，尹力了解大数据管理平台运行情况，听取一季度税收完成情况及相关经济数据汇报。尹力在座谈时强调，税收在国家治理中发挥着基础性、支柱性、保障性作用，全市税务系统要扎实做好各项税收工作，为新时代首都发展贡献税收力量。在加强税费收入组织上下功夫。持续涵养优质税源，密切跟踪重要税源变化。大力支持高精尖产业发展，壮大税源增量。在服务首都高质量发展上下功夫。聚焦“五子”联动服务和融入新发展格局，推动中关村新一轮先行先试改革、综合保税区建设、京津冀协同发展等有关政策措施落实。用好大数据管理平台，深入开展数据分析挖掘，加强政策研究，为首都经济社会发展提出更多建设性、前瞻性建议。在优化税收营商环境上下功夫。持续深化税收征管改革，提升税收征管的智慧化、数字化、法治化水平，为企业办税缴费提供便利。落实落细中央税费优惠政策，推动政策红利快速精准直达企业，更大激发经营主体活力。高质量开展主题教育，抓好税务干部队伍建设，完善一体化综合监督体系，构建亲清政商关系。在市统计局，尹力察看经济运行监测分析系统，了解我市地区生产总值支撑指标监测、整体经济走势分析等情况。尹力在座谈时强调，统计工作是经济社会发展的一项基础工作，统计监测是了解经济运行情况的“晴雨表”。统计部门要持续完善具有首都特点的统计体系，推动首都统计事业不断取得新成效。着力提高统计数据真实性准确性时效性针对性，牢牢守住各方面数据质量这一统计生命线，强化指标分析和实际工作中应用。统计制度要与时俱进，推动新行业新领域入规入限入统。着力提高统计分析的深度广度精度。聚焦重点工作，深入开展监测评价和分析研究，拿出一批有分量的研究成果。突出问题导向，提出针对性强的对策建议。着力提高统计工作的数字化可视化法治化水平。深化新一代信息技术应用，推动统计工作数字化转型。强化数据统筹，搭建数据资源共享平台，做到全面、直观、高效。坚持依法统计，加强数据安全管理。要认真开展主题教育，学深悟透习近平新时代中国特色社会主义思想，切实把学习成果转化为实际工作成效。落实全面从严治党要求，锲而不舍抓好作风建设。市领导夏林茂、赵磊参加。（祁梦竹 范俊生）,1
市委常委会召开会议 传达学习习近平总书记重要讲话精神 研究部署全市深入开展主题教育工作等事项 市委书记尹力主持会议,http://whlyj.beijing.gov.cn/zwgk/xwzx/szfdt//202304/t20230407_2991853.html,4月6日下午，市委常委会召开会议，传达学习中央政治局会议精神、习近平总书记在中央政治局第四次集体学习和学习贯彻习近平新时代中国特色社会主义思想主题教育工作会议上的重要讲话精神，研究部署全市深入开展主题教育工作等事项。市委书记尹力主持会议。会议指出，开展这次主题教育，是党中央作出的重大决策部署。习近平总书记关于主题教育的系列重要讲话，深刻阐述了开展主题教育的重大意义和目标要求，对主题教育各项工作作出全面部署，具有很强的政治性、思想性、针对性、指导性，为全党开展主题教育提供了根本遵循。我们要认真学习领会，紧紧围绕党中央提出的“学思想、强党性、重实践、建新功”的总要求和各项具体安排，以首善标准抓好主题教育，确保取得实实在在成效。牢牢把握主题教育的目标任务，抓住理论学习、调查研究、推动发展、检视整改、建章立制等重点，加强统筹谋划，有序推进各项工作，努力实现凝心铸魂筑牢根本、锤炼品格强化忠诚、实干担当促进发展、践行宗旨为民造福、廉洁奉公树立新风的目标。把开展主题教育和做好中心工作结合起来，特别是与贯彻落实党的二十大决策部署紧密结合起来，进一步增强全市党员干部的斗争精神，提振干事创业的精气神，展现新时代首都工作新气象新作为。紧密联系新时代首都发展实际，进一步加强全市调查研究工作，作为开展主题教育的重要内容。加强组织领导，领导小组发挥把关定向作用，各级党委（党组）扛起主体责任，领导干部率先垂范，以首善标准把主题教育各项动作抓紧抓实。会议传达学习了习近平总书记在参加首都义务植树活动时的重要讲话精神，指出，习近平总书记同首都干部群众一起参加义务植树活动，期间专门对北京绿化彩化工作作出重要指示。我们要认真学习领会，抓好贯彻落实，夯实大国首都的生态环境基础。坚持以习近平生态文明思想为指导，进一步扛起生态文明建设的政治责任，大力实施绿色北京战略，让首都天更蓝水更清地更绿、城市更加多彩美丽。坚持首善标准，持续推进大尺度绿化，完善“一屏、三环、五河、九楔”的市域绿色空间结构，加强生态涵养区生态保育和生态修复，进一步提升科学绿化水平，筑牢首都生态屏障。坚持兴绿为民，努力建设全域森林城市、花园城市，建设一批城市森林、口袋公园和小微绿地，在绿化基础上加强彩化，多种一些色彩斑斓的树种，提升首都城市品质，提高市民群众获得感。坚持全民动手，各级领导干部要带头履行植树义务，广泛动员市民群众参与，进一步营造爱绿植绿护绿的良好氛围。会议传达学习了习近平总书记在中央党校建校90周年庆祝大会暨2023年春季学期开学典礼上的重要讲话精神和全国党校（行政学院）校（院）长会议精神，研究我市贯彻落实意见，指出，习近平总书记的重要讲话，为做好新时代党校工作提供了根本遵循。要深入学习领会，以首善标准抓好贯彻落实，推动我市党校（行政学院）事业高质量发展。把党校姓党作为立校办学之本，带头旗帜鲜明讲政治，教育引导教职工和学员坚持和捍卫“两个确立”，增强“四个意识”、坚定“四个自信”、做到“两个维护”，在服从服务党和国家工作大局中展现新担当、新作为。坚守党校“为党育才、为党献策”的初心使命，深入推进习近平新时代中国特色社会主义思想进教材进课堂进头脑，加强理论研究阐释，大兴调查研究，推出更多高质量成果。统筹推进从严治校、质量立校、人才兴校、改革强校，大兴学习之风、朴素之风、清朗之风。坚持党对党校工作的全面领导，各级党委全面落实主体责任，推动形成齐抓共管的工作格局。会议还研究了其他事项。（祁梦竹 范俊生）,1
春季游热度攀升 旅游市场加速复苏,http://whlyj.beijing.gov.cn/zwgk/xwzx/szfdt//202304/t20230406_2990006.html,2023年清明假期只有一天，市民周边踏青需求依然旺盛。4月5日，京城各大景区迎来热情的游客，多家旅游平台发布的数据显示，北京春季游热度攀升，清明假期各景区预订情况火热，推动旅游市场加速复苏。4月5日下午，首钢园内春意盎然，在现场看到，多数游客都是全家出游，带娃的家长占了多数。首钢园·六工汇成了亲子游乐园，戏剧艺术主题打卡空间、艺术装置互动展、快闪书店、文化沙龙、音乐演出、手作体验等活动吸引众多游客的目光。还有很多游客在户外欣赏风景，秀池里畅游的红色锦鲤让推着婴儿车遛娃的家长驻足观看。在群明湖北岸，临近首钢滑雪大跳台的区域人气儿最旺，很多游客都以大跳台为背景拍照，也有不少年轻人支起了椅子在湖畔露营赏景。各大旅游景区也纷纷“上新”春日游项目。古北水镇景区以“纸鸢探春”为主题，于4月1日至4月30日开展春日游园系列活动；北京环球影城推出了王者荣耀英雄盛会、春季美食、主题商品、惠享票务等春日体验，清明假期部分热门骑乘项目排队时长达到了30分钟以上。旅游平台数据显示，春节以来北京游客的旅游商品预订量同比2022年增长一倍，近一个月同比2019年劲增超6成，文化遗迹类、主题乐园类景区人气儿最先恢复。不少市民、游客选择在这个周中假期出游小憩，与家人朋友组一场“一日春游”，“北京故宫博物院+故宫珍宝馆一日游”产品热销。受春游热情带动，北京各大景区预订热度居高不下。平台大数据显示，清明假期全国热门景区前十名为北京故宫博物院、北京环球度假区、北京八达岭长城、西安陕西历史博物馆、北京恭王府、南京牛首山文化旅游区、北京颐和园、北京野生动物园、上海迪士尼乐园、西安华清宫，北京独占六席。此外，民宿平台数据显示，清明假期当天民宿入住预订量超过2022年清明假期总和，达到2022年清明假期的1.92倍。（潘福达）相关新闻清明假日216家景区接待96万人次游客来自北京市文化和旅游局的统计显示，清明假期当天，全市重点监测的216家旅游景区（地区）累计接待游客96万人次。一日踏青、游园赏花、追思先烈等成为市民、游客假期出行的重要选择。4月5日，全市各级公共文化机构共举办展览陈列、文化讲座、阅读活动、非遗体验、节庆特色活动等各类群众文化活动334项、398场，吸引62.4万人次参与。清明节当天，全市84个剧场共举办线下演出88台149场，涵盖脱口秀、话剧、儿童剧、曲艺、音乐会、Livehouse等多个类别。由文化和旅游部、北京市人民政府主办，市文化和旅游局及多家单位承办的“新时代舞台艺术优秀剧目展演”精彩继续，来自云南省话剧院的第十七届文华大奖获奖作品《桂梅老师》在二七剧场精彩开演；山东省京剧院来京，在梅兰芳大剧院演出《奇袭白虎团》。（李洋）游客接待量排名前十的景区（地区）奥林匹克公园玉渊潭公园北京动物园故宫博物院天坛公园朝阳公园通州大运河森林旅游区颐和园八达岭长城北京首创奥莱休闲驿站,1
市委城市工作委员会召开全体会议 尹力主持 殷勇刘伟出席,http://whlyj.beijing.gov.cn/zwgk/xwzx/szfdt//202304/t20230404_2966608.html,4月3日下午，市委城市工作委员会召开全体会议。市委书记、市委城市工作委员会主任尹力主持会议，市委副书记、市长、委员会副主任殷勇，市委副书记、委员会副主任刘伟出席。会议指出，进入新时代新征程，首都城市工作面临新的形势和任务要求。要深入贯彻习近平总书记对北京一系列重要讲话精神和关于城市工作的重要论述，坚持人民城市为人民，进一步提高规划、建设、治理水平，加快转变首都城市发展方式，打造宜居宜业的良好环境，让人民群众有更多获得感。会议强调，要以钉钉子精神抓好城市总规实施。核心区实施好新一轮三年行动计划，落实“双控”“四降”，营造安全优良的政务环境。加强老城整体保护，做好文物腾退和活化利用，擦亮历史文化金名片。城市副中心扎实推进“两个示范区”建设，继续保持千亿以上投资强度，加快重点工程进展。有序推进各类专项规划、街区控规、乡镇规划编制实施。深化轨道交通第三期规划建设，加强交通综合治理。持续开展城市体检，加强结果转化运用。会议强调，要在城市更新上迈出更大步伐。聚焦改善居住品质，加大老旧平房院落、老旧小区、危旧楼房和简易楼等更新力度。聚焦打造更多活力空间，加快老旧厂房、低效产业园、老旧低效楼宇和传统商业设施更新。聚焦补齐公共服务设施短板，抓好老旧市政基础设施、公共安全设施等更新。聚焦提升城市环境，推动滨水空间、慢行系统等公共空间更新。健全工作机制，认真实施城市更新条例，不断探索市场化路径。会议强调，要不断提升超大城市精细化治理水平。深入开展疏整促，全面创建“基本无违建区”。统筹推动重点地区环境整治，巩固拓展背街小巷整治提升成果。抓好两个“关键小事”，加强生活垃圾全流程精细化管理，狠抓物业管理突出问题和“治理类小区”治理。持续优化接诉即办工作，强化主动治理、未诉先办。坚持党建引领，注重发挥社会组织、街巷长、小巷管家、责任规划师等作用，深化“回天有我”创新实践，营造全社会支持参与城市治理的良好氛围。会议强调，绿化水平关乎城市品质和民生福祉。要深入实施绿色北京战略，坚持以减量提质为统领，疏解腾退空间优先用于增加生态绿化空间。筑牢首都生态基底，加强山水林田湖草一体化保护和系统治理，实施好大尺度绿化，推动建设森林城市、花园城市。发挥城市“大海绵”作用，做好战略留白。促进城乡融合发展，强化优质生态产品供给、休闲康养等功能，把生态优势转化为发展优势。会议强调，要坚持底线思维，强化安全意识，进一步夯实城市安全防线。加强韧性城市建设，强化消防、道路交通、建筑施工等重点领域安全隐患整治。持续推进健康城市建设，完善分级诊疗服务体系，促进优质医疗资源均衡布局，深入实施首都防疫设施专项规划，加强防疫应急能力储备。加大保障性住房供给，促进住房租赁市场健康发展。会议审议了市委城工委2023年工作要点，书面审议了市委城工委2022年工作总结，听取了老旧小区综合整治工作情况和第二道绿化隔离地区减量提质规划的汇报。市领导夏林茂、赵磊、谈绪祥、高朋、刘宇辉，市政府秘书长穆鹏参加。（刘菲菲 高枝）,1
书香浸古建 激活城市文化记忆,http://whlyj.beijing.gov.cn/zwgk/xwzx/szfdt//202304/t20230404_2966605.html,北京，全国书店最多的城市，拥有超过2100家实体书店，还有6000多家大大小小的公共图书馆。你可以在很多地方找到书的痕迹，街侧、商场、校园、社区，以及得以活化利用的文物建筑。这些承载着深厚历史底蕴的古老空间，曾经由于种种原因，或沉寂，或消失。而如今，在北京市委市政府的努力下，它们带着城市的风韵和时间的烙印，重新向公众开放。其中一部分与书香京城建设相结合，由书店和图书馆进驻，提供专业的公共文化服务，同时探索文物建筑合理利用和开放管理的可能。于是人们有机会在800多年前修筑的古塔下品读北京风貌，在名人故居中阅读休憩，在木构架的楼体中感受古旧书籍的魅力。书香的浸润，令文物建筑再度焕发生机，也激活了古都的文化记忆。图为正阳书局进驻万松老人塔院落后，以城市公共阅读空间的形式免费对市民开放（资料照片）。（孙戉 摄）古建迎来最契合的来客走过北京西四南大街，人们很难忽视那座挺拔庄严的万松老人塔和环绕它的小院。这处始建于元代的古物，如今是全国重点文物保护单位。但很长一段时间，塔院外大门始终紧闭。十多年前，北京人崔勇也常常路过这里。他曾在不少历史文献中见过古塔，但每次经过，也都只能隔着院门瞧上一眼。北京是世界著名古都，丰富的历史文化遗产是一张金名片，传承保护好这份宝贵的历史文化遗产是首都的职责。文物安全如何得到保障、文物如何被合理利用、又该如何依托文物资源讲好中国故事，是新时代新任务提出的新要求。事实上，早在2014年，北京就开始对文物活化利用进行探索，并引入社会力量参与其中。恰在那一年，书香中国·北京阅读季提出了“阅读空间”概念——既能为市民读书学习提供优美的场所，也能为阅读活动落地基层提供保障。书店进驻古建成了水到渠成的事，将文物保护与实体书店结合起来的初次尝试，就这样开始了。凭借出色的运营方案，2009年成立的正阳书局中标了万松老人塔活化利用项目。这家书店致力于北京历史文献保护开发及利用，初衷便是构建完整的“北京学”知识体系，让更多的人了解继而热爱并保护这座城市，保护好北京历史文化遗产这张金名片。2014年4月23日是个特殊的日子。这天是世界读书日，也是正阳书局入驻万松老人塔院的时间。从这天起，这座古朴院落作为西城区第一个特色阅读空间向社会免费开放，而正阳书局的创办人，正是崔勇。时隔近10年，崔勇还记得第一次踏入小院的心情：“很荣幸能够先睹为快，但更多的是对尘封多年的历史遗存文物的敬畏之心。”作为首个社会力量参与文物活化的参与者，崔勇希望凭着自己对北京历史文化的热情，用自己的努力，让老百姓更加了解北京的历史文化。除了古塔，正阳书局还陈列着上万册与北京有关的藏书。从影像到地图、从档案到古籍，回溯过往3000多年，从不同时期、视野，更加深入系统地介绍北京，如同一个窗口，呈现这座历史文化名城滋养的灿烂文化，以实业之名参与文物保护事业。书店开张后，一些已经搬走的老街坊，特意过来看看这个新的文化地标。在他们眼中，小院终于找到了最契合的来客。名人故居变身百姓书苑在北京，让古建重焕生机案例还有很多，椿树书苑代表着另外一种范式。它开在2008年复建的林白水故居中，是西城区文物保护单位。2018年，这里作为椿树街道公共图书馆、特色阅读空间和林白水烈士纪念馆向公众开放。2021年，西城区益联社区事务中心负责人张明磊接手了这家书苑。接手后，张明磊和同事们做的第一件事，就是把杂物全部清空，又重新设计了室内软装，将开裂的窗台和横梁修缮一新。小院曾经的主人林白水活跃于民国时期，为此，他们特意循着历史场景，找来墨绿色的丝绒桌布和带着绿色玻璃灯罩的台灯，装饰着阅读室中央横着的两张长桌，摆满文学、历史等书籍的书架将它们围住，读者步入其中，都会不自觉地放轻脚步、压低声音，投入书的世界。小院被修葺一新，广受居民称赞。两年多来，这里开放了全市首个“党建书房”，陆续设立了人大代表之家和街道新时代文明实践基地，定期举办观影、讲座、阅读推广等公益活动，响应“全民阅读”的倡议，让大家爱上阅读。更重要的是，为附近居民提供了一隅安静阅读的角落。这里最晚营业到21点，然而直到闭馆，仍有不少人落座阅读，日均客流量达三四十人。有的人特意下班之后过来学习，有的人几乎每天都在，周围是书页摩擦的沙沙声，窗外偶尔传来几声鸟啼，这让张明磊觉得，这份努力如此有意义。“我们要为来客提供更优质的服务，让大家在这个环境里更加舒心，爱上阅读。”2022年10月，北京市提出，要构建以公共图书馆、综合书城、主题（专业）书店、社区书店等为支撑的十五分钟现代公共阅读服务体系，打通公共文化服务最后一公里，不断满足人们丰富多样的阅读需求。“文物+”里探索新机遇寒来暑往，文物建筑见证着时代与行业的变迁。10年前，实体书店并不好过，一大批赫赫有名的书店接连倒闭。但随着北京市持续深入推进新时代书香京城建设，实体书店行业也渐渐回暖，并试图确立自身的定位。由于政府免去了书店的房租，正阳书局节省下来的资金几乎全部用在升级转型——并非向“书店+咖啡”“书店+轻餐饮”等“书店+”模式转型，而是始终在文化产业守正创新，不断考虑如何在北京历史文化内容上进行深耕和升级转型。立足于此，崔勇的心中还有太多想做的事情。2018年，他开始涉足出版业，至今已发行十几种图书，有的书获得了北京市精品文化工程重点项目，有的书在各大电商平台销量领先。这些书的作者中，有海内外的学者，有关注北京历史文化的爱好者，还有相当一部分是正阳书局的读者。他们的主题无一例外，都是关于北京城市文化的研究和记忆。崔勇还将部分作品翻译成多国语言出版，让更多国际友人了解北京，读懂这座城市的内涵。他还邀请北京各所高校的留学生来到书局做志愿者，让他们更深入地探索、服务这座城市，充分发挥他们的语言优势，一起讲好北京故事。除了以实体书店的形式，正阳书局还会以展览和新媒体等不同方式来呈现北京历史文化。“这些年我们收集了很多北京城市中轴线珍贵的历史影像，不方便开架阅览，但我们会用科技手段打破文物空间的内容承载壁垒，让大家在有限的空间内欣赏更多更丰富、更有价值的内容，为文物的活化赋能。”崔勇介绍。崔勇的种种做法与北京市委市政府出台的《北京市“十四五”时期文物博物馆事业发展规划》十分契合。文件提到要让“文物+”这篇大文章效果彰显，特别是深入挖掘、阐释文物价值，推出一批影响力大、传播力广的北京文物主题出版物；创新文物价值传播推广方式，充分利用数字技术和新媒体，注重全过程和全媒体传播……在正阳书局这里，这些正逐步推进落地。有时，崔勇也会跟外国游客交流，他们常常带着惊讶的语气，感叹竟然会有这么多关于一座城市的书。“这也是我们非常自豪的。”崔勇说：“北京不仅有丰富的包括古代建筑在内的历史文化遗产，还有最丰富、数量最庞大的城市记忆，这是国内外其他城市都不具备的。我会力所能及地通过数字化、出版、展览等方式，和大家分享。”(左琳 陈雪稳),1
博物馆之城 让金名片更加闪耀,http://whlyj.beijing.gov.cn/zwgk/xwzx/szfdt//202303/t20230331_2948801.html,3月底，恭王府绿意绽放，游客如织。一路前行，从庄严雄伟的银安殿，到“99间半房子”的后罩楼，从保留了乾隆时期凤和玺彩画的乐道堂、多福轩，到音响效果绝佳的大戏楼，在这座常被人称为“半部清代史”的恭王府博物馆，游客所体验到的，不仅仅是一座原汁原味的中国王府古建，还有“活起来”的历史。2020年4月，北京发布《北京市推进全国文化中心建设中长期规划（2019年-2035年）》指出，北京要打造布局合理、展陈丰富、特色鲜明的“博物馆之城”。2021年“5·18国际博物馆日”中国主会场活动期间，国家文物局、北京市人民政府签署共建北京“博物馆之城”战略合作协议。市委市政府更是将“博物馆之城”写入北京市“十四五”规划。市文物局博物馆处处长白崇介绍，北京有着3000多年建城史、870年建都史，丰富的历史文化是一张金名片。尽管北京“博物馆之城”的打造起步相对晚，但因为拥有得天独厚的地理、历史、文化优势，一起步就迈上新台阶。目前，北京依托中轴线遗产、大运河文化带、长城文化带、西山永定河文化带等，已经形成博物馆群落。在多个部门齐心努力下，北京这座城市，正在逐渐变成一座博物馆之城。在美轮美奂的恭王府大戏楼内，市民欣赏古琴表演。打造活态文化空间，博物馆及馆内藏品的活化利用，擦亮了北京历史文化这张金名片。（武亦彬 摄）“活起来”的历史文化这些天，恭王府博物馆乐道堂的玉兰开得正好。再过数日，后罩楼的西府海棠也将进入盛花期。恭王府博物馆教育传播部主任张建正忙着筹备第12届海棠雅集，他希望能借到一把唐代古琴，在拥有百年历史的大戏楼上现场演奏。2011年起，恭王府博物馆恢复海棠雅集传统，每年4月中旬在馆内举办的海棠雅集，邀请国内专家学者欣赏海棠，吟诵诗词，已成为国内诗词学界的盛事。近几年，恭王府博物馆致力于打造活态文化空间，恢复历史上曾经有过的活动，让昆曲、古琴或者非遗等传统艺术在它原来生长的环境中重现生机。游客惊喜地发现，游览恭王府有时可以邂逅沉浸式“穿越”表演。2023年是恭王府博物馆创建40周年，张建特意查找出1885年和1887年恭王府曾举办的两次堂会戏的戏目单，“萃集了当时京中各大名班名伶，连演数场，演出剧目达70余出，创当时王府堂会戏规模盛大之最。”他拿着戏单，与中国昆剧古琴研究会会长田青沟通，希望能重现当时的文化场景。“城市客厅”里与城共鸣如果想以最快的速度了解一座城的历史，博物馆可能是最适合的选项。西长安街的延长线上，巨大的半弧“青铜鼎”破墙而出，印证北京世界著名古都、历史文化名城的重要物证就藏在首都博物馆中。有人用“网红”来形容首都博物馆，老馆长韩永并不喜欢这个词。“博物馆的公共文化教育职责是非常神圣的，不是一句网红就能概括的。”在首博，有一个越做越大的教育系列展览“读城”，从2014年起已经做了三期，展览六进新疆，曾在7个省份23个市巡展。“作为首博镇馆之宝的克盉（hé）、克罍（léi）这两件青铜器，它的遗址在哪里？出土的其他青铜器包括什么？出土的原状、原位是怎样的？如果感兴趣，咱们可以走进北京琉璃河的商周遗址博物馆，了解商周还有哪些青铜器。没准顺着这条线索，我们还可以前往甘肃、河南了解青铜器的全部历史。”展览创办人杨丹丹对于“读城”展览每一件文物的解读，都用这样的方法引导观众。她会带着孩子用牛皮纸搭叠成砖，搭建北京明城墙遗址，还会向他们讲策展人、修复师、文物保管员背后的故事。第一期“读城”展览后，有个孩子跟随她的指引去了更多博物馆，甚至成为首博的讲解员。“他目前正在国外读大学，会告诉我当地博物馆与首博的区别，用读一座城市的眼光去参观国外博物馆。”杨丹丹说。中国工程院院士崔恺将首都博物馆大堂的功能叙述为“城市客厅”，意为把博物馆视作一个开放的客厅，观众在参观时，或与历史不期而遇，或促膝长谈，在历史中找到自己与这座城市的共鸣。　“开门办馆”私藏变共享与中国紫檀博物馆相约，亲手制作紫檀手串；在文旺阁木作博物馆，体验能工巧匠非凡技艺；在观复博物馆，与“观复猫”的文创产品来一场近距离接触。非国有博物馆的创新给观众带来全方位、多元化的体验。朝阳区文旅局文物管理所副所长李博纶记得，在2022年中秋节期间，文旅局将5家博物馆带入蓝色港湾国际商区。在大众娱乐消费的商圈中，私家珍藏走向了全民共享，千余游客驻足参观，线上活动和视频浏览人次突破百万。坐落在石景山区的燕京八绝博物馆以“活态传承”出名。2010年，燕京八绝的“传二代”首度携手，在古建筑承恩寺中建立了燕京八绝艺术馆。随着支持政策不断出台，燕京八绝开启了从艺术馆升级为博物馆的探索。馆长柏群深知，燕京八绝博物馆最大的财富是这里的非遗传承人。“纵观世界五大博物馆，‘有藏品无大师’，这件藏品是怎么做的、传承人在哪里都无从得知。”于是柏群在展览区的背后设计了大师工作室。观众可以在这里看到燕京八绝的制作过程。通州区文旺阁木作博物馆的主人王文旺出生在木匠家庭，从小就痴迷于中国独有技艺榫卯结构。王文旺从1997年开始致力于收藏木作，20多年过去了，他的馆内已有藏品10万余件。他研究出70个门类，开设上百种“非遗”课程。车志红创立的北京百年世界老电话博物馆，收集到世界各国有关通讯发展的相关藏品近10万件，有形似钢琴、摩托车、飞机的老电话，还有电话号簿、不同年代公用电话亭标识等，展现了我国通讯技术的快速发展。“每个博物馆和整个行业都要‘开门办馆’，要与社会各界广泛合作，共同打造‘博物馆之城’。”北京市文物局政策法规处原处长高小龙说。 （曲筱艺 郭懿萌）,1
市委常委会召开会议 研究加快推动北京国际科技创新中心建设工作方案等事项 市委书记尹力主持会议,http://whlyj.beijing.gov.cn/zwgk/xwzx/szfdt//202303/t20230330_2947655.html,3月29日下午，市委常委会召开会议，研究《深入贯彻落实习近平总书记重要批示 加快推动北京国际科技创新中心建设的工作方案》，书面通报北京市党政代表团赴河北省、天津市对接工作和学习考察情况，听取关于市委党建工作领导小组2022年工作要点完成情况和2023年工作要点、2022年全面从严治党（党建）工作考核和政治生态分析研判工作情况及2023年考核方案、2022年法治政府建设年度情况和全市依法行政专项工作监测情况汇报。市委书记尹力主持会议。会议指出，习近平总书记的重要批示，体现了对首都工作的高度重视和巨大关怀，对加快建设国际科技创新中心是极大的鼓舞，我们要认真学习领会、抓好贯彻落实。要强化国家战略科技力量，全力支持四个国家实验室高质量在轨运行，加快建设怀柔综合性国家科学中心，加强基础研究，实施好关键核心技术攻坚战计划，为加快实现高水平科技自立自强贡献北京力量。要聚焦“三城一区”主平台和中关村国家自主创新示范区主阵地，强化“三城一区”统筹联动与融合发展，推动中关村新一轮先行先试改革扩围提质。要营造具有全球竞争力的创新生态。强化教育、科技、人才支撑，打造高水平人才高地。全面深化科技体制改革，强化政策保障，以更大力度激发创新活力。加强国际科技交流合作。要进一步壮大高精尖产业，推进科技成果转化，推动人工智能、绿色能源、智能网联汽车等新兴产业形成新的增长极。加快培育一批具有全球影响力的科技领军企业、“独角兽”企业。会议指出，京津冀协同发展是习近平总书记亲自谋划、亲自部署、亲自推动的重大国家战略。九年来，京津冀协同发展取得了重要阶段性成果，考察期间深刻感受到了令人欣喜的积极变化。迈上新征程，我们要深入贯彻习近平总书记重要批示指示精神，进一步增强思想自觉和行动自觉，推动京津冀协同发展不断取得新成效。要认真抓好各项重点任务落实，推动京津冀协同发展走深走实。牢牢抓住疏解非首都功能这个“牛鼻子”，扎实开展疏解整治促提升专项行动。强化“两翼”联动发展，唱好京津“双城记”。聚焦重点领域，巩固提升“轨道上的京津冀”，强化生态环境联防联治，加强产业对接协作和协同创新。要认真学习津冀干部群众干事创业的精气神，广泛借鉴各地好经验好做法，聚焦我市2023年各项目标任务，抓紧谋划二季度“双过半”，更加奋发有为地推动新时代首都发展。要深入落实党中央关于大兴调查研究的部署要求，加大深入基层调研、走出去调研的力度，全面提升做好首都工作的能力和水平。会议指出，党的二十大对坚定不移全面从严治党、深入推进新时代党的建设新的伟大工程，作出全面部署。要带头贯彻落实，健全全面从严治党体系，全面提升党的建设质量，为新时代首都发展提供坚强保证。始终把党的政治建设摆在首位，坚决维护党中央集中统一领导。牢记“看北京首先要从政治上看”的要求，深刻领悟“两个确立”的决定性意义，增强“四个意识”、坚定“四个自信”、做到“两个维护”。健全完善党中央决策部署和习近平总书记重要指示批示精神落实机制。严明政治纪律和政治规矩。完善党内法规制度体系，提升工作制度化、规范化水平。强化党的创新理论武装，坚持不懈用习近平新时代中国特色社会主义思想凝心铸魂。深入学习宣传贯彻党的二十大精神，深化理论研究阐释，抓好党员干部轮训培训。以首善标准组织开展主题教育。要树立选人用人正确导向，选优配强各级领导班子，健全培养选拔优秀年轻干部常态化工作机制，加强干部全方位管理和经常性监督，建设堪当民族复兴重任的高素质干部人才队伍。要着眼增强党组织政治功能和组织功能，统筹推进各领域基层党组织建设。持续深化党建引领基层治理，总结运用疫情防控经验，巩固深化接诉即办改革成果。持续实施村级组织分类提升计划。加大新经济组织、新社会组织、新就业群体党建工作力度。要坚持严的基调不动摇，持之以恒正风肃纪反腐。锲而不舍落实中央八项规定精神，持续深化纠治“四风”。把纪律建设摆在更加突出位置，保持惩治腐败高压态势。会议指出，要坚持严的基调、严的措施、严的氛围，坚定不移深入推进全面从严治党。认真抓好问题整改，市领导带头抓好分管领域整改和约谈督促工作，对整改工作不重视、落实不到位的单位和领导干部严肃问责。加强考核成果运用，找准症结漏洞和机制障碍，有针对性地综合施策，推动标本兼治。进一步拧紧管党治党螺丝，按照“内容上全涵盖、对象上全覆盖、责任上全链条、制度上全贯通”的要求，加快构建全面从严治党体系。层层压实党委（党组）主体责任、书记第一责任人责任、职能部门监管责任、纪委监督责任等，健全各负其责、统一协调的管党治党责任格局。建立健全科学有效的检查考核体系，组织好2023年考核工作。会议指出，要深入贯彻习近平法治思想，坚持首善标准，推动法治政府建设继续走在全国前列。坚持依法决策，严格落实重大行政决策程序，强化合法性审查，做好社会稳定风险评估，充分发挥好政府法律顾问和公职律师作用。规范高效执法，强化工作协同、信息共享，用好科技手段，提升基层执法能力和水平。回应群众关切，加大公共卫生、食品安全等重点领域执法力度。更好促进发展、保障善治，实施好营商环境改革方案6.0版，提高行政复议工作质效，拓宽矛盾纠纷调处渠道，增强群众法治获得感。各级领导干部要自觉带头尊法学法守法用法，提高运用法治思维和法治方式开展工作能力。会议还研究了其他事项。（祁梦竹 刘菲菲）,1
“文化润疆”打造文化名片 《五星出东方》将在和田驻场演出,http://whlyj.beijing.gov.cn/zwgk/xwzx/szfdt//202303/t20230330_2947648.html,舞剧《五星出东方》创作灵感来自和田地区出土文物“五星出东方利中国”织锦护臂，由北京、新疆两地各民族演员共同参与演出。（孙戉 摄）新疆和田是古丝绸之路上的重镇，国宝“五星出东方利中国”织锦护臂正是出土于此。3月12日至20日，舞剧《五星出东方》全国巡演来到和田，盛况空前。作为北京“文化润疆”的代表作，巡演结束后，这部舞剧将由和田地区新玉歌舞团搬上舞台，在当地开展常态化驻演巡演。锦绣舞端庄华贵，筑城舞雄浑有力，集市舞烟火气十足……两个多小时的演出，让观众享受了一场“前所未有”的视听盛宴。和田人民能歌善舞，但舞剧演出在当地还是第一次。在和田，《五星出东方》一共演出14场，有着800多个座位的和田影剧院场场爆满，许多观众专程从国宝的出土地民丰县赶来，就为一睹《五星出东方》的风采。观众阿迪拉·玉素普从小就听爷爷讲过国宝出土的故事。看完演出，她的心情久久不能平静，“非常精彩，听和看的感觉是不一样的！”听说《五星出东方》来到和田，幼儿园教师王迎春特地带着孩子来看演出，“这件国宝就是在我们和田出土的，我们为生活在和田感到自豪！”观众的热情，也深深感染了北京来的演员们。北京演艺集团演员蒋林蓉是第一次在舞台上饰演女主角“春君”。登上和田的舞台，让她有了一种“回家”的感觉。“在北京首演时，我们就是和新玉歌舞团的演员们一起完成的，这次来到和田，我们又见到了原来的搭档，这种感觉非常亲切。”《五星出东方》是根据文物“五星出东方利中国”织锦护臂创作的舞剧。为了演好剧中角色，蒋林蓉曾专门来到和田采风，并到和田博物馆详细了解这件国宝文物的出土过程。她惊喜地发现，和田博物馆正是由北京援建的。如今，“五星出东方利中国”展览正在和田博物馆举行。走进和田博物馆，眼前的巨幅壁画令人震撼：巍巍昆仑山下，是浩瀚的塔克拉玛干沙漠，驼铃阵阵，“五星出东方利中国”织锦护臂浮现在茫茫沙海间……作为北京援建和田文化中心“三馆一院”的重要组成部分，和田博物馆与和田文化馆、图书馆、影剧院一起，成为了和田的文化地标。“在布展过程中，我们也得到了首都博物馆的大力支持。”和田地区文旅局副局长张化杰介绍，和田博物馆自2020年开馆以来，已累计接待观众28.6万人次。如今，来到和田博物馆，参观“五星出东方利中国”展览，已经成为游客来到和田必打卡的一站。三年来，北京市第十批援疆团队共实施项目158个，有力打造了首都“文化润疆”品牌。其中，舞剧《五星出东方》正是代表之作、经典之作、创新之作，是援受双方共同努力的硕果。北京作为全国文化中心，文化资源雄厚；和田作为“五星出东方利中国”织锦护臂的出土地，各兄弟民族自古以来就生活在一起。为讲好中国故事，北京演艺集团联合北京市援疆和田指挥部、和田地委宣传部，通过舞剧这一艺术化的形式演绎国宝文物的前世今生。为了让文物能“说话”，剧本12次易稿，和田地区新玉歌舞团的演员们更是在北京学习了4个多月。新玉歌舞团演员努尔比亚·木塔力甫曾参加了《五星出东方》在北京的首演。“我们把和田的故事带到了北京，我们也会把在北京学到的本领带回来，分享给伙伴们。”对于将来的演出，努尔比亚表示，自己一定会努力练习，把“春君”演好。“我们精心遴选北京、新疆两地各民族演员参与其中，有力诠释了中华民族历经几千年发展，形成了多元一体的民族实体，是各民族你中有我、我中有你、血脉相连、不可分割的有机整体。”北京市援疆和田指挥部副指挥米佳介绍，在和田的巡演结束后，《五星出东方》将实现常态化驻场演出，成为和田的一张“文化名片”。（王琪鹏）,1
尹力在金融工作座谈会上强调 贯彻落实党的二十大精神 推动首都金融高质量发展 易纲郭树清易会满殷勇参加,http://whlyj.beijing.gov.cn/zwgk/xwzx/szfdt//202303/t20230328_2945993.html,3月27日下午，金融工作座谈会召开。市委书记尹力强调，要深入贯彻落实党的二十大精神和全国两会精神，深入学习领会习近平总书记关于金融工作的重要论述精神，把捍卫“两个确立”、做到“两个维护”的要求落实到金融工作全过程、各方面，加强国家金融管理中心功能建设，推动首都金融高质量发展，以生动的金融实践、丰富的金融成果诠释中国式现代化新图景。中国人民银行行长易纲，中国人民银行党委书记、中国银保监会主席郭树清，中国证监会主席易会满，市委副书记、市长殷勇，中国人民银行副行长、国家外汇管理局局长潘功胜参加。此次座谈会有“一行两会一局”等金融管理部门和一百余家各类中外金融机构参加。国家开发银行、中国进出口银行、中国农业发展银行、中国工商银行、中国农业银行、中国银行、中国建设银行、中国光大集团、中国出口信用保险公司、中国人寿保险集团公司、中国人民保险集团公司、北京证券交易所、中金公司、汇丰银行（中国）公司主要负责人发言，介绍在京发展情况，并就推动北京市金融改革发展提出意见建议。会上还通报了北京市金融工作情况，介绍了中关村国家自主创新示范区建设科创金融改革试验区总体方案。尹力指出，党中央高度重视金融工作，习近平总书记多次作出重要讲话、重要指示，为我们做好新时代金融工作指明了方向。党的二十大擘画了全面建设社会主义现代化国家、全面推进中华民族伟大复兴的宏伟蓝图。金融是现代经济的核心、实体经济的血脉，关系发展和安全，在推进中国式现代化进程中发挥着重要作用，为北京高质量发展作出了突出贡献。北京是国家金融管理中心，金融也是北京第一大支柱产业。我们要深刻认识和把握金融发展新形势新要求，站在“两个大局”的高度，全面贯彻党中央关于金融工作的决策部署，主动识变应变，坚定发展信心，坚守金融本源，统筹发展和安全，加快构建现代金融体系，更好服务现代化建设。尹力感谢国家金融管理部门和在京金融机构对北京发展的支持帮助，希望大家一如既往关心支持北京，共同用好首都发展质量高、市场规模大、政策资源丰富等优势，在推动新时代首都发展中实现自身更好发展。在服务实体经济上提质增效。将更多资金投向新一代信息技术、医药健康、人工智能等重点产业，更好服务产业链供应链畅通和现代化产业体系建设，打造引领未来的产业集群。进一步优化金融政策、创新金融产品，满足多元化融资需求，助力广大科技型中小企业发展，为实体经济不断注入“源头活水”。支持北交所做大做强，推动更多优质企业上市融资。在支持扩大内需上精准发力。聚焦人民群众日益多样的消费需求，丰富金融产品供给，推动金融服务下沉到更多消费群体和更丰富消费场景中。创新投融资模式，积极参与北京重点区域和重点领域投资。在金融改革开放上守正创新。积极参与“两区”建设，推动科技金融、绿色金融、金融科技等改革创新，支持建设中关村科创金融改革试验区，打造国家级绿色交易所，实施数字人民币全域试点，开展跨境资金流动、国际收支便利化等开放探索，共同办好金融街论坛。欢迎更多国际金融组织和外资金融机构落户北京，共享开放红利。在维护金融安全稳定上担当作为，推动风险关口前移，建立多层次风险防控体系，共同守住不发生系统性金融风险底线。尹力强调，我们将进一步强化国家金融管理中心功能，不断提高服务水平，为国家金融管理部门开展工作创造良好条件，保障国家重大金融战略和政策实施，主动对接国家金融基础设施在京布局。着力营造市场化、法治化、国际化一流营商环境，完善“服务包”制度，为金融机构提供更有针对性的服务。易纲指出，近年来，中国人民银行落实党中央国务院决策部署，实施稳健的货币政策，支持经济高质量发展；服务国家战略发展，把建设国家金融管理中心作为支持首都发展的着力点；推进金融业高水平开放，支持北京“两区”和中关村科创金融改革试验区建设；推动绿色金融政策在京先行先试。2023年是全面贯彻落实党的二十大精神的开局之年，中国人民银行将加力支持北京“四个中心”功能建设，支持首都高质量发展，为首都率先基本实现社会主义现代化作出应有贡献。郭树清指出，2022年，银保监会积极引导银行业保险业支持北京经济社会高质量发展，助力北京国家金融管理中心建设，持续推动支持北京银行业保险业稳健发展和改革开放，着力强化重点领域金融支持，扎实做好助企纾困金融服务，不断加强民生领域金融保障。下一步，将深入贯彻落实党的二十大精神和中央经济工作会议精神，持续深化北京金融业对外开放，强化关键领域融资支持，助力科技北京、人文北京建设，大力发展绿色金融，提升民生金融服务质效，维护良好金融秩序。易会满指出，当前，证监会系统正深入学习贯彻党的二十大精神，围绕“打造一个规范、透明、开放、有活力、有韧性的资本市场”的总目标，坚定不移走好中国特色资本市场发展之路，加快推进资本市场理论创新、制度创新和实践创新。下一步，证监会将一如既往服务好、支持好首都经济社会发展。把办好北交所作为一件大事来抓，围绕“打造服务创新型中小企业主阵地”这个定位，坚持突出特色、错位发展，不断完善市场产品体系，促进投融资两端动态平衡，推动北交所高质量扩容，尽快形成规模效应。潘功胜指出，国家外汇管理局将继续加强政策创新和供给，助力开创新时代首都发展新局面。积极支持中关村国家自主创新示范区建设科创金融改革试验区，赋予科创企业更多跨境金融选择权，助力全国领先的科创金融发展环境。扩大跨国公司资金集中运营管理企业范围，推进贸易新业态、外商投资管理改革创新，促进贸易投资便利化。不断深化投融资合作，积极支持北京地区重点企业国际化发展。中国银保监会副主席周亮，部分在京金融机构领导赵欢、吴富林、钱文挥、陈四清、谷澍、田国立、王江、宋曙光、刘金、蔡希良，市领导靳伟、赵磊，市政府秘书长穆鹏参加。（祁梦竹 刘菲菲）,1
三条文化带 承载古都“城市之魂”,http://whlyj.beijing.gov.cn/zwgk/xwzx/szfdt//202303/t20230328_2945988.html,,1
“中国发展高层论坛2023年年会”北京市招待晚宴举行 尹力致辞 陆昊殷勇刘伟出席,http://whlyj.beijing.gov.cn/zwgk/xwzx/szfdt//202303/t20230327_2944976.html,3月26日晚，以“相约春天、重聚北京”为主题的“中国发展高层论坛2023年年会”北京市招待晚宴举行，40余位跨国公司全球负责人、外国政要、国际组织和机构负责人应邀参加。市委书记尹力致辞，国务院发展研究中心主任陆昊，市委副书记、市长殷勇，市委副书记刘伟出席。尹力说，习近平总书记高度重视中国发展高层论坛，向2023年年会致贺信。尹力在致辞中向长期以来关心支持北京发展的各国朋友和各界人士表示衷心感谢。他说，北京是中国首都，历史悠久、文化灿烂，也是一座开放包容、充满活力的国际化大都市。2022年全市人均地区生产总值、全员劳动生产率居全国第一位，教育科技人才资源丰富，全社会研发投入强度保持在6%以上，科技成果不断涌现，世界500强企业数量连续10年居世界城市首位。尹力说，世界看好北京，北京也为各方合作发展创造更多机遇。北京服务全国、面向全球大市场，拥有四通八达的公路、铁路和一流的国际航空“双枢纽”，正在建设国际消费中心城市；加快建设国际科技创新中心，推动中关村建设世界领先科技园区，加强知识产权保护，为科技发展营造优良的创新生态；建设全球数字经济标杆城市，加快布局新一代信息技术、医药健康、人工智能等重点产业，打造引领未来的产业集群；深化“两区”建设，打造市场化、法治化、国际化一流营商环境，提升贸易和投资便利化水平。让我们共享超大规模市场发展的机遇、新一轮科技革命的机遇、全球产业链重构的机遇、全面深化改革开放的机遇，进一步深化经贸、创新、产业和开放合作，共同培育发展新动能、塑造发展新引擎，共享开放红利、共创美好未来，在合作共赢中实现更好发展。德国安联保险集团董事长、首席执行官贝特代表外方致辞，祝贺北京市近年来经济社会发展取得的巨大成就，表示外方企业愿同北京进一步加强交流互动、深化合作共识，在未来发展中共享机遇、互利共赢。招待晚宴开始前，中外嘉宾参观了“辉煌中轴”展览，晚宴期间还观看了精彩的文艺演出。市领导莫高义、夏林茂、靳伟、赵磊、于英杰、司马红，市政府秘书长穆鹏参加。（范俊生 杨旗）,1
守护好北京历史文脉的根与魂,http://whlyj.beijing.gov.cn/zwgk/xwzx/szfdt//202303/t20230327_2944974.html,京平规模腾退修缮文物古建，“老巷幽宅静树依”的老城记忆慢慢复苏；稳步推进三大文化带建设，“龙泉漱玉”的京城盛景重焕新生；全力推进革命文物集中连片保护，北大红楼等一系列红色遗址成热门“打卡地”……在全市上下的共同努力下，首都北京在文化保护利用方面持续破题，“首都风范、古都风韵、时代风貌”的城市特色愈发鲜明。“北京是世界著名古都，丰富的历史文化遗产是一张金名片，传承保护好这份宝贵的历史文化遗产是首都的职责。”党的十八大以来，沿着习近平总书记指引的方向，北京紧紧围绕“四个中心”城市战略定位，在文化保护与复兴的道路上砥砺前行。以中轴线申遗为牵引，大力推进故宫、天坛、颐和园、周口店遗址等世界文化遗产的保护，使得“老北京新气象，老胡同新生活”成为今日北京的生动写照；以赓续红色血脉作为首都使命，对中国共产党早期北京革命活动旧址等红色文化资源进行系统整理，全力打造红色文化弘扬传承高地；以体制机制改革释放活力，文化事业、文化产业不断创新发展，成为北京城市印象的一抹亮色……保护与传承相得益彰，历史与现代融为一体，内涵丰富的首都文化不断焕发新的青春，彰显出社会主义大国首都应有的文化风范与人文气象。文化遗存植根于时光脉络，又深嵌入当代生活，对其保护利用注定是一项系统工程。首要一点，就是加深对这张“金名片”的认知，始终把保护放在第一位。作为历史古都、全国文化中心，北京兼有源远流长的古都文化、特色鲜明的京味文化以及丰富厚重的红色文化、蓬勃兴起的创新文化。丰富多元的历史资源，得天独厚的文化禀赋，既是老祖宗留下的宝贵的不可再生的资源，也是中国共产党艰辛而辉煌奋斗历程的见证，是北京全国文化中心建设的根基。惟有心怀敬畏，像“爱护眼睛”一样珍惜这份资源，“用心用情用力”保护好这份资源，方不负历史文化的馈赠。近年来，本市突出系统保护理念，重新制定《北京历史文化名城保护条例》推动老城整体保护与复兴；开展系统研究，通过建立常态化保护利用机制等手段推动红色资源活起来；激活“沉寂的非遗”，让文物背后的故事连接古今……一系列扎实措施立足规划、系统整合，既“见树木”又“见森林”，让文物资源的历史真实性、风貌完整性、文化延续性有机融合，为城市历史景观保护交出了一份独具特色的北京答卷。文化保护利用，是对历史负责，而最终的价值依归，则在于实现人民群众获得感的提升。从这个意义上说，擦亮北京文化金名片，尤须坚持“以人为中心”，充分考虑文化保护对人的价值和意义，落实于广大市民的日常生活改善上。从杨梅竹斜街的软性更新，到南锣鼓巷四条胡同的综合整治，再到前门三里河重现“水穿街巷”，将文化保护利用与提升人居环境结合起来，已经成为“北京经验”的重要内涵。眼下，大城北京正在现代化道路上快速行进，城市更新的“打开方式”仍在持续探索，把准时代脉动、紧扣大众需求，才能守护好北京文化的根与魂，使居民获得感、归属感和认同感成色更足。从更大视野来看，不断从具体案例中总结升华出系统方案，为历史建筑保护利用贡献更多北京智慧，这同样也是北京作为全国文化中心的使命和担当。2035年首都北京将成为彰显文化自信与多元包容魅力的世界文化名城、2050年将成为弘扬中华文明和引领时代潮流的世界文脉标志——最新版北京城市总体规划描绘了一个令人向往的未来。历史给了机遇，时代给了舞台，以更加强烈的文化自觉与历史主动精神，赓续红色基因、凸显古都风韵、塑造时代风貌，社会主义大国首都必将以更加昂扬的姿态屹立于世界城市之林。,1
城市副中心大运河游船今春首航 多条航线饱览千年运河风光,http://whlyj.beijing.gov.cn/zwgk/xwzx/szfdt//202303/t20230320_2939966.html,3月19日春风和煦，城市副中心大运河游船开航。（方非 摄）3月19日上午9时30分，城市副中心大运河游船拉响汽笛，开启今春首航。游船分别由大光楼码头、二号码头、漕运码头、柳荫码头出发，从水上联动起通州大运河文化旅游景区的北区、中区和南区，游客可乘船体验多条航线，从不同侧面感受千年运河文化的独特魅力。从运河奥体公园二号码头出发的水上观光游船，为二号码头至漕运码头往返线路，途经北运河上六座大桥。沿途景点有奥体公园、十七座城市亲水平台、大运河森林公园、观景阁、漕运码头等，航程约60分钟。每日班次为9时30分、10时30分、14时、15时30分，周末及节假日会适当增开班次。游客可现场购票，船票原价为每人150元。在漕运码头和柳荫码头，还设有便于游客渡河的水上巴士、画舫观光游船及多种小型船舶，游客可携亲朋好友一起泛舟水上，欣赏运河旖旎春光。在周六日和法定节假日，南区的船闸体验线路和北区的大光楼码头线路也将开通，充分展示大光楼码头、观景阁、甘棠闸等多个特色旅游景点，方便游客多方位感受大运河水运魅力和别样的副中心景色。目前，运河游船共有115艘运营船舶，包括18艘自航船，97艘非自航船，均是清洁能源驱动。当遇恶劣天气、紧急事故、突发事件时，例如风力达到四级以上（含四级）或强降雨及其他不可抗力因素，游船将会停航，请游客提前关注相关信息。（孙云柯）,1
